1,-1.28010195715992,2.43685188457451,3.76706354653036,-2.10027793076502,5.15289869261754
1,-9.48147536344217,1.31158033010203,-4.67006194671705,-2.99093116705308,3.85625000853367
1,0.993249557574183,-6.94658075798429,7.21466105459184,7.19347253924689,2.21231346241908
1,-1.29355214763446,6.26873698096435,8.45740487858962,-9.25748652281884,-7.01993443245919
1,-1.59264395825022,9.66923959878704,9.73804822628884,6.0086628608684,-0.402728671137147
1,-3.39330357992252,2.67150300754292,4.7258240154715,0.864915678206765,-0.146886438252745
1,-5.90702731924315,1.6287505817692,-5.2466766001282,-5.45927927105112,-0.549406298485632
1,2.38541932701327,-7.02817404118192,6.27921104607287,3.68226197589769,-3.8012377333722
1,-4.00690652650954,-4.46653167299081,-5.64947659322962,-4.8401291448667,4.1329295539513
1,-4.66345449794267,-2.78954599869648,-7.68236338908758,-7.4954897509416,6.95539472555427
1,2.4226766553859,-6.1657992253666,-7.02014652416455,1.5482461979339,5.6115305015484
1,0.58284188554078,9.80787457001242,-4.94152933788117,-1.17295465093666,5.9527018671645
1,-7.30840109310133,8.4653805873438,1.68927041054677,-6.65496975502336,-0.567452894502356
1,0.271562425314929,-2.55849262215587,6.20425086160161,-5.38353037916604,-1.97061485090757
1,-6.31120268706169,-7.09688739004901,-4.93864844795148,0.485876671609937,-1.08977016122221
1,5.70670295633347,-2.08853017052475,1.17292662455548,-4.6059667740992,-7.78004702061422
1,7.07950585278978,-6.71391055314031,7.65676694943109,6.78125033243496,4.06459311412922
1,-0.115263252361444,0.764379902530965,-0.730033759452748,-0.434792181891554,3.7061375614337
1,6.93122970714936,-6.4329143008137,-9.12330115778937,-1.1760247048578,-0.22738397036119
1,-8.40709045981878,-9.01911306271182,0.89994986509314,8.18682387830469,4.68620567871915
1,0.104921802434079,2.2867844153198,8.47727236906249,3.44957811486872,5.13290792353791
1,-8.69426991226244,-2.3798902978705,-1.86990897795209,1.04445673898457,-6.36986367894612
1,-1.43755344805221,3.66949785041211,-3.02193488677578,-3.97232484031205,4.99439030576251
1,-8.06938168678775,0.450064492441506,-0.327185654190332,-7.41932077922845,0.411262436513191
1,-7.45680056597445,2.55262146845387,0.805641718781143,-9.86655527335274,2.41528239630511
1,1.93490617957192,-3.63014976184922,-8.3795700947774,-4.58894605890035,-1.09679368339376
1,-5.47975998791528,1.64455368406091,-0.208368333097432,-4.93427263428031,8.84017818049659
1,-7.86108631380034,-0.108540156063448,-5.19514760104406,6.23241666750039,5.4875419700354
1,-5.59387585858881,1.88634016683766,2.98454186168522,-6.45316335430514,2.13730367217616
1,-3.00347429993401,-9.84632635911631,0.555047931366605,2.83067523615174,3.4540400343982
1,-0.644250308353996,9.29795823270452,1.35837870932464,4.8508402397316,-4.13638413284051
1,-5.96513547470069,-5.29784912361074,5.87169761091714,5.66348481474704,-6.35303285321632
1,2.8081345042983,-8.46628755635337,0.525729702021358,-5.56983813850747,9.70712044834175
1,-0.338603288964967,-4.10355097404136,-4.2480691334479,-2.56765825549091,9.44747394635364
1,0.104734400370983,3.85869294229457,-7.86730043630956,1.35425887332738,-4.02709148221065
1,-2.26214697762881,8.6546694411412,-8.33220559612114,9.638794288473,9.69526219560522
1,5.87274908883154,6.88301882238157,-2.46812250090345,2.89242966581636,2.33481747825637
1,1.60008357755613,-3.46612750515363,-3.35269632384788,-3.87326310301629,-3.18156822971351
1,-6.75402802995372,6.64341843165824,-4.00941484242112,9.90191319500612,7.55107275444939
1,4.01504693214313,-8.91208326230589,4.96498628516931,-8.79359510628978,-8.1011955785514
1,9.2910216017851,-8.14339072524633,1.9449909264979,4.49044960241868,-5.00383182599279
1,0.000167223404334393,-6.27304939727257,8.86942544514604,-2.1933409511544,5.10274034718166
1,7.7904012789229,5.75532691227636,-7.32469617369959,1.17566812787894,1.94111303261429
1,-3.16772694657781,4.4848763149673,-7.15455482606198,6.15380280302122,5.09283613721248
1,1.34288255255418,-7.37724321226732,-2.21808123345206,6.83294513641675,-3.72487854687872
1,-1.4490807340778,4.16257279941211,7.86444645606123,-9.60113083650283,9.36628455632614
1,-1.26505473946402,5.23556362006979,5.69132601409163,-4.65285202080938,1.31510606134057
1,5.53118369994201,-6.18279095425865,-0.80878986507005,2.38480309621685,9.81041110168644
1,0.712083469953127,3.41394347888054,9.33389386452277,9.21816341594283,-8.34040397671471
1,9.07484453889733,-1.8879886575399,-6.67681534133035,0.289059211251995,9.48231330486301
1,0.884163202962043,-8.53184036575041,3.86340586427056,-2.97735520525129,-2.40061627785032
1,-8.3581015544995,0.349090205580421,7.90335378245366,-2.57931926091018,6.60444317892948
1,-2.67315196649959,-0.148655984482716,7.86044541333856,1.25178000266684,9.35972741136403
1,7.01701008009004,7.63817395072605,-6.84944882887402,4.94539842666011,-9.3519948645814
1,-1.87449913904098,1.20383448721994,-5.73829960439434,2.6938746904584,5.53208557050394
1,-9.45595268210301,6.80497463791432,8.75582023196504,3.83094809345677,-2.06330937809024
1,-5.05645522005293,-0.934867990485078,9.32259856692795,-0.370129073903049,-1.28030253340014
1,-8.65711258526091,4.3107914971618,-0.563625075892361,-0.929316283596759,-4.68320486602663
1,9.87704022842546,9.39727998159814,-7.85529358864863,3.40932175968005,4.17785545811945
1,9.41160626754347,-9.57768916634397,7.26613039616066,-9.33114053261844,0.111468102595683
1,6.00516702265174,-0.973870277517301,9.24226325145979,-5.41218384625788,-5.00618066934869
1,2.03634242810935,-1.40291447790126,-7.3818252398409,9.45240261619849,5.43334260798372
1,5.29919720903363,5.6013998295596,-9.85764943453025,-8.70129156786622,-2.16490942392614
1,-6.61549106831644,-9.62923002358313,1.97122317259691,1.77715271191743,3.16284121063752
1,-4.1395353636112,1.59705713780956,8.8770320785962,-7.68462448448254,-6.74965398288111
1,0.481337506007284,-4.42351366805005,-2.26661900717853,-0.67043781270845,8.56906188142388
1,-2.86751437754482,-0.468429550566718,-4.70167684349436,-3.14777856350368,-6.72557983113575
1,-9.086420695092,4.34508848089451,-0.339046109843084,4.17024906749699,-0.434239908748344
1,9.66306890714425,2.59792081287755,-1.6503737411879,6.32859620907866,2.04568399272029
1,-1.17290161290306,-5.07607181978131,-4.0177723192407,-4.10041897567307,8.24696831975967
1,0.0800087875830524,-5.89187974531338,6.64953189133,2.74485137751933,-2.03710181317266
1,-3.52917364930602,7.01312805624243,8.12104593594535,-8.74695152924589,-4.17306020238688
1,-4.80510494505726,0.15070918642075,-5.87928279336507,-0.331524248383808,6.59655008949041
1,-2.26220229358475,9.59119907843601,-9.40935487299241,-8.13699475654504,-1.18067320990465
1,6.64033799269002,3.27041434109897,1.35385192236704,-5.16034910581068,0.269848719245619
1,4.73494112574226,-5.48656797058758,1.96414606925518,1.38118033123377,6.54458299740228
1,-2.41578866116725,-6.61277664945185,-5.91942278854481,-2.00784717527337,-8.06623756655302
1,-9.73965326610899,-3.51475160573593,-8.68977518129607,-2.88718428012271,8.70077724425397
1,5.94809878065187,5.27370108301304,-7.23642481551763,4.32021473716863,-2.51092918287859
1,-4.61222404807398,-0.794830961159983,-3.63734487892093,6.52301120838187,3.93049154125671
1,1.65369777058069,1.35857367389977,-3.86060952394492,4.20921202177515,-3.0229098816274
1,-9.48898116300614,1.90411656527762,-8.37926141304947,2.35106345576446,-7.23314058706299
1,3.24404038536652,-6.50872572232533,-2.83516564106578,-8.6253921947924,-4.59428168379984
1,-2.24953148253437,-3.13661604198952,5.76128476374425,-7.08518752634675,-6.6485922778606
1,-0.0585240253097474,-4.10992634633762,-5.60989198905051,-7.36605951180355,6.82576724906503
1,-1.70188325250626,8.72561721109768,-9.12502386698493,-4.06732279410525,-9.6786653946664
1,-2.98256197396719,-9.8489044744618,-1.74923507132611,8.83335571714511,6.79927997353228
1,1.01955810648839,9.12357594436864,-4.99995959342174,-4.29202174823796,-2.83424588261514
1,9.4582137974965,-7.17635899334512,3.04382609508293,0.884852503075955,9.46945678682317
1,-7.74447569523857,0.882646597450258,-2.50980095000291,7.30818404300399,8.44703348564104
1,-3.73482943140573,-4.74886247528449,9.15470447041975,-6.08991288179713,0.384038321775977
1,-9.1640458036938,-3.91166741368528,5.11849295777385,5.8505613433794,-7.91558604740824
1,4.76799517241801,5.25329658416352,4.24449582658301,-5.16812776408351,5.50785427880935
1,3.15024775318088,3.82111279038069,-8.96057695965573,9.23771328389009,2.30255878782297
1,-5.70728507200093,5.3079221387183,-3.81929353977509,9.57178261618316,4.03216024935763
1,-1.66493119609326,-6.21906437584536,-0.127938449479082,5.65408092450219,5.50924188567205
1,2.8768386829639,-5.94478223761425,8.04134126551509,4.66530353629386,-0.653443943238463
1,3.22962653430883,5.15427955796898,9.0253852195976,-9.09018401123954,8.86588207010032
1,-6.59045733032459,-7.57429365207925,-9.93099622358742,1.66969340963588,-8.03953610500784
1,7.63304471497097,8.14400589005712,2.42415944446527,-1.41301156906426,-5.41761141162474
1,5.56016319616937,8.47455737109787,8.43577208133981,-8.77936645047427,-0.621686852624704
1,-7.32091583656618,0.10289137992719,4.00777320188998,3.93527668468813,1.30806260286372
1,7.37833252864158,4.06588307440799,5.78343306055919,2.74929736492136,-7.41679746404363
1,4.97555756553709,-3.31024656976585,-7.26363302117853,0.171052676244354,6.1525267185247
1,5.97171308198162,2.73544521155705,-3.04316630203221,9.58434706510319,4.30208139975518
1,0.866904611678054,-9.49958359951981,-9.14737162499842,3.12501604657943,0.61935064150706
1,-5.58324169877076,-5.61438337214942,-3.87881030298035,9.94499704178343,-0.538631094567492
1,8.36917293179201,-0.925830694176003,7.24095004842015,-5.68223797587318,-0.146941008149854
1,1.84169155332753,-0.19563221584475,1.34643780521104,-6.23718417349657,0.203870785596628
1,-3.07524181089707,9.71464081773228,9.3027819477681,-6.55200956828395,-5.53659833988584
1,-4.72442941439961,9.97802864209758,-9.35280569571518,-4.01098910184311,-1.98580588799933
1,8.27830954330264,-7.53805307770085,-0.167846747913696,-7.42032260827579,-7.34341919046827
1,-1.60529077386359,-4.47689594647981,2.91108351460192,1.34560712475606,3.85120951358025
1,0.803830313342617,-8.34828330412173,-9.91348457027316,-2.07332015584116,-2.89835133442229
1,2.16884315610099,-3.17166162674031,-0.0746424419928466,-8.24262685355292,-1.30971583663474
1,6.52499656868316,8.97835998722939,-8.7681698145105,0.243134716783837,-5.70467212853009
1,2.47126369124262,1.39565214600485,2.05387645541534,-2.20807548638445,7.34179973907342
1,-6.46575676831148,-9.20092957648112,6.48562320796635,6.71301035964806,-9.07317371603439
1,1.82514705307092,0.412621276557473,0.115981855445916,-0.695486038602425,0.278148302533907
1,-0.214676660102818,8.66194618487545,6.97548713928219,5.69993618146526,3.05456980212164
1,0.958155601807533,9.45587634972852,2.27375264785506,9.8458262662858,4.81912846608213
1,3.99041239581096,8.23716848002899,-3.03583715209762,7.15204470755605,-1.82725509209677
1,-5.08377672191739,5.18525511692979,7.35836505144072,9.66720148437581,2.94459172678589
1,-6.2674570882704,-4.9687210354546,-0.356799895445032,-1.32622248343689,-4.86310780385285
1,-7.78833704407678,8.01111274363693,5.40347847040636,9.10777569970771,-0.363447625605122
1,-4.51881494927893,-4.05658412204305,4.81502522430223,9.65345404737872,-8.57917544923932
1,-9.79499921200818,7.55257723792702,-1.0592604612586,-6.04667391152608,-8.07253528305871
1,2.58719445659164,-9.1720398951929,0.163638039471925,5.71188750463157,2.25697712233785
1,-4.09655389560515,-8.87177691381095,2.69187203949876,3.00797785120555,8.50465606472286
1,-6.25426910596205,6.06317973594466,7.76306803218093,-8.51116374546646,-7.1823435264344
1,-8.09423895478393,-7.86582744280792,-6.50901395587444,-7.37842275196859,-2.27278387826497
1,-4.32488385069491,-1.21585615349413,9.89466053493229,-9.35578274215654,-5.48735641503265
1,-5.7015123173861,-3.13688927100526,-7.87389387843291,-0.4327686970574,-1.56174445445762
1,-4.28792532178195,-4.44184952286753,-7.18848331702413,-0.287673550224168,2.14582140967291
1,-0.571802850606421,-2.7589748984981,-9.64371456705976,8.94734113973153,2.40886907111358
1,0.98993642176816,-0.286764043135983,-6.38844822441144,-4.30852577120311,9.45385282708834
1,6.90226231149403,6.72863364505503,5.39363121865747,-0.652682167439863,-2.27872749811329
1,9.77019401568329,2.34367424514179,4.55189003965652,7.10047022789594,2.00464111763325
1,-9.02263827541297,8.1473653230373,7.7942386899222,3.43610316526934,-4.74729185186798
1,-5.35763497127672,6.73419087952978,3.90145032119087,2.81161497677055,9.10693276467343
1,2.8662285449647,-7.07737836324205,0.442667171091518,-8.89202897840132,-5.84034943283553
1,-6.77066874216647,-1.54471370011353,-5.89636421590121,1.76853509718961,-4.66003240062247
1,7.40291786738003,0.660262472708084,5.33127169142476,-1.47201059396696,-0.699918320527932
1,-5.65195147389948,-4.88484456002544,5.80524375568795,-7.79126972315413,-1.37510157758421
1,4.83510077766898,1.32572468232333,-3.2189455140885,0.982942438609275,5.33753453618289
1,3.06041026462202,9.48441728427716,-1.53722501950906,-5.89217414476003,7.53548670369954
1,5.97771023009259,-5.49559158296385,0.706310384761096,-4.63810431578191,-5.0454526344069
1,-9.37504875469477,5.69125558832136,-9.10772218748536,6.24516009016365,-0.715272641492334
1,-5.4085194251131,9.89897563810917,4.95845447973887,-4.3038483895337,7.52154610990273
1,4.09254998240918,-4.91886603772201,0.833355492254801,4.9110974640095,2.7892231874512
1,-8.24874981997754,7.12122987835754,-9.55414476073931,9.4994337329249,7.02911794810994
1,-9.38821033611361,-6.52195891991763,-4.77955142476507,2.65643058513117,-5.19249490464561
1,-2.85730132600879,8.44015498210843,-3.04345393516092,-9.4829285565193,4.59076014029628
1,1.79563982943528,-3.91572349406935,5.10117500972748,-5.91713144773069,-8.33119565932537
1,-8.95554545231679,-4.43979354117134,-4.7335977125352,-0.525814396656067,-8.91508122275506
1,-8.68672667587245,8.09469884285211,7.27268341596916,-3.78053112847146,-5.33226384715521
1,-9.12997627880569,-4.17666019307724,-8.51372230948346,4.48744904958567,-5.88923124748917
1,-2.09698483064992,-5.5580904117483,-8.30981641731462,3.55936109188145,-3.09195459680939
1,3.36854092032116,-3.8132878131552,9.63641323665258,-2.84785887691891,4.39242543137248
1,-6.03945776367661,3.46929834863747,3.49392095684804,5.13632873414538,-6.79102708477666
1,7.52532903408318,-9.56763086962926,4.94094505896962,-5.28620744625157,2.73431612000212
1,-1.35221809110305,-6.92367226952351,8.8572060770087,0.508668190800702,-1.118207427548
1,2.39282927419929,-7.78137717612091,-4.93301973732593,0.229964249218559,-7.94817068573491
1,-4.19146514130023,0.466503404513279,5.82468982003547,8.8064965880304,-0.933077282464152
1,2.30509146928553,-8.97427099605852,-2.38976780450395,-5.9531371360972,-8.56613835312492
1,9.07319924764645,8.41297876784716,5.60083196266042,-9.76808890857122,6.57016882046094
1,-1.03970566951821,-0.633761774890779,5.6914388060186,-4.40028959080228,-4.72476860445695
1,-5.85900323493371,2.30428156611929,-9.40188876027627,3.02610637529876,-7.40619435122895
1,-1.49265416189227,-5.98648393867076,-7.3024937986389,-9.34716642810478,6.50390281584434
1,-1.10851470472485,3.91708882349432,-2.844329961511,5.45144815425277,8.61879216687203
1,0.152349733439227,-9.52041835711517,0.679265540317779,0.312744169740162,4.90877741115997
1,0.514664996219159,-8.42976929634886,8.42773510171449,6.33130596433064,-9.89909470089275
1,-9.15141616234908,8.25251764540115,-3.56148106318435,2.72901803265866,-0.219860156833301
1,-6.7116182765976,-5.69900844046879,-9.45728569088762,-4.78201038541779,-5.88100868882397
1,-0.995456407652535,-0.193523413855019,7.21170336431826,0.391311593418473,-8.06225934544146
1,4.15942341237842,0.46227750817895,4.13884336015687,2.94976750943068,-1.92658214835808
1,5.55175816611067,-6.29262230251748,3.76439053944802,-5.09475379746893,-7.80151218082688
1,5.54205998939289,1.78994427623411,-1.90361746495349,0.870613053444325,-8.23844060440596
1,0.0555750501844283,-4.77440626750252,8.46275247182579,7.54576692661698,-8.93911505968257
1,9.13495186614495,3.11449928100476,-7.06054268402561,-1.60558130145277,5.071732092596
1,-3.36252574920248,-4.85526727207603,2.46923780279777,-4.81290810015194,-1.98202733394272
1,-0.370836753079335,-1.34995940791782,8.13403840166406,8.48643988292901,6.07513566319946
1,4.96747998682073,0.0151948685288588,-9.8393890679499,3.26465584417644,-9.05147596424554
1,7.15679036879028,-9.61227836540305,0.0784529064238626,-1.19931515561304,-0.144357205529788
1,-1.71079889734177,-7.82693308338177,6.54108527439942,7.36782323602632,-9.26514357900659
1,6.97369028534647,-8.23116062068637,-3.74716502394259,-6.83459522194918,7.9318314678623
1,-1.10858116498582,-0.992602546638166,-0.918958064240412,-9.76166486278185,-5.23912096652382
1,4.31494168572709,0.750464307274818,9.86128635970836,4.7087070077342,2.68785335349802
1,-9.8310327284236,9.53546537488832,2.73741105045863,-4.40621105384591,6.56683346581584
1,-9.49597152658502,-3.10109321967672,-8.77847695956467,-1.45061625202972,-4.32934368182192
1,8.80900987084177,-6.4228931582882,0.740777675944706,-7.78790246635618,4.02584718151513
1,-7.95724103537613,9.34385625961043,3.26066569415412,5.66392471776418,1.18515203023167
1,3.23935580879415,0.712027816416683,5.8370964747734,-7.29683366817588,0.798964221938441
1,-4.33482512357758,9.25312567771024,-9.22599959528273,-3.73567089998255,-9.76421010807381
1,-5.98315312449109,-2.96581754985841,-0.758348511059317,-4.74278847116168,7.41839723183995
1,-2.23331635770482,-8.51073655166967,-0.652948072053123,-3.61516150900327,-9.04525388624841
1,8.51803193016999,-0.919824454503171,-5.75872835384456,-4.17395743511281,5.98316878210374
1,1.40548419501438,9.57812350764512,9.01373890911771,4.23723560725301,-9.54784817015641
1,8.33429223915765,-8.56916025345612,-8.93952891864526,1.70463144397146,-9.77123515588282
1,4.0452848163945,-0.483571377999407,7.58083953683105,-7.83810053985184,-1.33662368400966
1,0.0243290337417399,6.97595951872515,-4.88376532392917,3.80607280594107,-7.87639568429945
1,0.121736670252776,-5.78026600519573,2.54481796812574,7.71560366998604,-2.12678265069159
1,-5.62358427341255,5.84319922205901,8.65956972762735,-8.84837861935151,-2.97654783498477
1,-9.906729545299,-8.70698670110429,5.07395698689633,-5.43077407122931,6.56056833471236
1,-1.64327511994568,-3.70563841034852,8.05605759603348,-7.9149530273266,0.743167339617477
1,1.2675222067807,-6.58653040158646,3.74245516580266,-3.66038431709046,3.65100399584362
1,7.53123736846654,9.48702019903742,3.11878798935318,-9.31885482763977,-1.96468934015883
1,3.55169680455819,2.13706378898223,1.09293747020243,1.29340901116821,-7.55828009034843
1,6.84666092206943,-4.42159896062654,4.76203683287359,7.70865294921351,-9.90995981813129
1,8.5232257384984,8.44962274870357,-8.21134639470561,-2.07176344435375,-0.611689504079788
1,8.82231747267245,1.07745831399243,-5.49122328897187,8.32304262078809,3.91926600617145
1,6.32038303848788,-2.87863341486402,-2.52206552562603,-0.772092054216332,-2.82327154878832
1,-7.37210789041112,4.17438527707956,-8.9958578686021,-4.28717904779219,8.90191812223308
1,-3.06739970019472,3.49978368146164,-6.80428522254302,-7.81111079016848,-4.46093924130127
1,-5.82995010948955,9.24484996459347,4.4832854771689,9.71321042731975,-3.63134865479547
1,7.34763074313047,-8.77562342211051,-2.36139200442436,0.335158075478502,-6.45591457578908
1,5.84660438612516,7.54494141838319,-2.38008094865783,-3.72535829848082,6.04251708030278
1,-3.01996718632281,3.03678601574953,4.35016455102605,-4.28659832650295,4.65488995124658
1,1.38281064111271,-6.92910392917959,-1.65798383001066,0.647419031696828,8.84559708156357
1,6.10263080511403,-1.84791686793765,8.25021906736108,4.24055878999044,-0.180184880364269
1,6.66322489467952,-8.86254270421059,-4.67514100911541,-4.49569454781748,-3.58824895503884
1,-5.88412646099856,7.41021201529635,4.83845224683913,-1.49046898210927,0.916898665172658
1,4.61360401052231,-7.99564829405042,4.15005773498496,6.06376702127822,-8.2701816947094
1,6.06828328318898,-5.61443667342538,8.74684110792527,-3.60368709120286,-1.38380572849254
1,-9.13741927293275,4.17359513182921,-4.89251327978945,-4.47398317186658,4.32957377706049
1,-7.8562519153684,5.21921437459152,9.18310037352039,-9.07200398044736,5.69445877647181
1,-1.29832700282345,-5.65933164454821,-2.7630136254648,-3.0044225393006,1.77506198843711
1,-5.58237556278512,-6.89462456634753,-9.89332599822571,3.39781028307676,-3.67155166247691
1,7.61244132331361,-9.49651146855144,-4.12479196679318,-5.2905520636781,7.9470457881346
1,4.39375075448823,-8.40228468524451,-6.51242627781333,9.36277189805061,-4.60397298688897
1,4.26014587093962,7.64704910770396,0.606916691755437,9.01017388042152,3.07010461454911
1,5.39719313985404,-6.41755974612711,-9.41125617921988,0.365036462918678,2.9677325882771
1,-3.3850594766119,-1.92841967008589,-6.91160815018582,2.13745868788493,2.79076242094683
1,-5.42779496333802,5.40070860041828,9.07078454469298,8.46033105652033,0.956924177126634
1,2.52687918402053,9.66156242711516,1.77552398638546,9.57725858892834,4.65933296787951
1,-1.71041500949222,7.45024114230272,1.85149165827576,0.284914086599171,8.09381670199299
1,8.73562144468372,8.45560697116219,1.68466653694923,4.54526664470759,-8.88481262572766
1,2.84904837805584,6.63987647977613,4.37406075682841,-7.7934452442154,5.46723102196536
1,-2.26199313975264,-3.0229066202203,-4.31767830960649,-3.54950041020284,-1.12557357628228
1,7.10239321608381,2.74342342092796,4.45070467128149,7.70669716240463,-1.30228429427359
1,-2.38414832567584,4.1458162287982,7.18914398239584,3.04790176708636,4.58126280639821
1,-6.4338034444456,-1.74405560833251,0.543062113310919,4.09263869060478,-6.70195835127581
1,5.63318851332163,2.06731384398633,-7.41614032740325,-6.03647139983841,-7.33101060895925
1,-0.555828251683971,9.41731256767595,4.60142541002615,-6.39410736828225,3.82380289065521
1,-4.81039191191446,-3.46760662215796,4.01736957101856,8.25052527106279,4.92886341037732
1,3.84798491762462,8.41050065782262,8.28555247111839,4.70335296746303,-7.89963467573431
1,9.60970157997557,9.74668486901008,-8.5155911837416,3.81141544590037,5.93160601298836
1,-5.0749282206442,1.73899409168433,3.67643787758811,8.55587764194312,0.377638034681485
1,5.80487605188091,8.30096941449554,-8.31673936724726,2.80132824050857,-0.397306889167769
1,5.24670488448118,4.8733369392463,-6.04764761397386,-0.178236456816768,5.40114133836304
1,-7.59920415645172,4.37483316251687,8.6252410499991,0.966224508034678,6.90188542500925
1,6.77805189118001,-7.7371042905104,7.07623980767433,3.5855806011037,2.84085833686781
1,-0.765221904869367,4.92561059785887,9.4762099179663,6.40222077552137,4.56381712384512
1,-7.48437234893825,-6.42087963991033,-3.35066335972492,5.17637396530533,-1.0120561383292
1,0.726869461921371,5.1400745032996,-1.52102465264068,2.3432904755472,0.57330569447153
1,-4.06974498410742,-8.80440129939237,8.65757574532303,6.46149715389358,3.56123672597361
1,-6.48551613486539,7.52049373592913,8.65777462604787,-2.47337087828191,5.49684845907418
1,-8.41523658598401,-6.26190247536095,-8.04300397417804,1.64854506831233,-3.83045175315792
1,-6.02201816341002,7.16306873995037,-9.36715080109152,-6.91241426999293,-8.69758794416114
1,-1.40822761887172,7.91047755994173,-6.24333488663539,-7.9309809816322,-9.69597081061505
1,2.83623527257663,-7.95126067261204,0.351510827585326,8.31819635813932,-6.71655481113455
1,-8.25241642420407,-7.68342168464567,-8.74295572533564,8.53280674889776,-6.58467379877082
1,4.3146117554193,9.50213862833233,5.13964358421099,-5.62378853383174,6.42523142831254
1,-7.96510378073236,9.68432875189391,2.25895923094498,-5.70213239332802,1.34176617466336
1,-6.48801858182356,-8.07417045988467,-2.76047449350517,-1.25519876682779,2.49769541354843
1,4.26643124314821,2.72018202339267,1.90400078401549,-4.95731373056836,0.0155346092570259
1,7.70527348820978,-2.61414836991324,8.81905699699794,-6.22663949352766,7.24265009617658
1,9.66276722086145,-8.82053801535258,-8.24660748281783,-4.03708551472455,-9.76562077861857
1,3.05813901402429,7.03546198811996,3.27378461385395,-7.71515322931989,-2.08410820288526
1,-0.445272939872492,3.27165150380792,5.87761047640582,-7.28399088822324,-2.23009949215572
1,-8.24424890230011,-8.78905655545891,8.34582298486326,3.14358788690051,-8.84977364043866
1,1.17901589394553,-0.933726153242375,-6.38849647943119,-6.28075569316805,-9.80347855102159
1,-6.37699541182707,-1.86401098500033,5.26178187013346,3.89471485659982,-2.6236791530161
1,0.288041209424412,9.69986085337034,1.89857010409,-6.6675135428136,-6.60754576512619
1,2.17860297868783,9.89102655029643,1.581659021821,1.12608128199472,-5.33333261570165
1,6.66424980245208,-5.46786319693196,3.83669467165208,-8.20072980410153,5.04957627427905
1,-3.52498835487707,5.26158538398125,-9.36639140616251,-2.22894616749443,-7.21697072646758
1,9.77724186639413,3.25472692283533,-1.09258745103844,-1.71257783711749,3.61763311061296
1,9.89900519935586,-1.31352986486803,-9.17420366530943,-1.85294163673982,0.0423698945159305
1,6.52301638879593,1.51547463688404,8.68013855535834,9.41704950752482,-1.33034125938892
1,3.88305090850367,-1.79607725000225,7.89674539747143,0.680106460795493,-2.41698615772487
1,4.67339596193953,-9.21541389116391,4.90003210501949,2.47209926093482,-8.69383519489302
1,7.50537619609325,5.09748226845427,3.80230211146448,-9.66298321901369,8.45419887877769
1,9.03020296691465,5.91370687233947,-1.29695766190494,-5.12505202264242,4.44179400884915
1,7.04525853195102,8.70233959206539,2.09719122754493,3.91755603323002,-6.33646258276514
1,2.81877279557728,0.421663315051173,3.56359661463869,-9.85232043214138,-4.65786215275248
1,-8.53003230571127,-8.66816052579953,-8.86057840406371,5.14154429581916,-7.7369458561511
1,2.46769428591677,8.53322588797981,8.75266937146863,7.69204996859764,7.20466181945022
1,-2.93572216428963,-4.97881383793825,6.50448751939338,7.18098118659654,-9.74463675344804
1,-6.70442753551407,-7.36328157983023,-8.63343924577499,-4.72478263022155,-2.71932581202787
1,7.86332373134087,-7.09479168900339,1.28542775530608,7.5812255864203,-5.63444488316296
1,6.49780962413359,1.82328446432146,2.60657671679675,-4.67230081275764,-5.98578013965139
1,0.532768477056667,-2.18475949113103,-7.82825365890115,5.69585625867054,-7.06593377621156
1,-0.731014876928551,4.16078434435062,-6.95917471931653,-2.4507181088261,6.27296858840123
1,-0.213974237457489,-8.33264008229822,7.40433476677924,-9.34378473954312,-3.08495558712523
1,-4.78559960561096,-9.67072744110766,-2.04095779883819,-7.61151761299154,-0.881304546781756
1,-1.94724153733705,9.20528239003355,-0.216589341454654,-7.77391051686277,1.73509050876627
1,-1.2666024054594,-8.18412992028659,3.24590357001999,6.10414250969642,-4.03247313874302
1,-9.6988773150326,-3.08733557388907,3.55169956383727,-5.75365570402052,0.926370905406939
1,7.85811766157432,-9.62426718171723,-3.94736983688636,6.85412979874102,-8.97543055670785
1,-9.41701364304977,7.66929310437196,-2.07310335503043,-0.421462841855611,-3.69350754108324
1,-2.54214231976548,6.93683552306685,-3.6254853843724,-4.64665255702042,1.61437714210597
1,-8.08253370614456,1.77099570186723,-5.45088895334814,-8.49274778072077,7.91010246364965
1,-6.06071359299923,-6.82743365761369,7.49740319034226,7.6387424628775,9.400968406801
1,8.84841224794286,6.03034315645435,0.235860362587289,-8.11888090554352,-2.54002839426364
1,-2.57457656664207,-8.647162772775,4.41475078453024,-6.78402603893321,-0.251849133086557
1,4.58001603642954,-0.857761015753072,5.26327980678348,-4.32816029951449,9.04763522869036
1,-7.47679782741957,-3.68343951607499,3.16991712193344,5.64069819462991,-1.30818993300184
1,-4.97434156585581,9.94270735542767,8.88562604975336,4.78345619035195,-0.530165022149466
1,7.62470594242463,9.55482584254648,1.98041009778879,4.97609811174567,3.35322577913475
1,8.06592300978031,6.62158393660402,1.20098859776769,-4.20887892082974,1.74299416345507
1,-4.24729483568224,-0.978823135222012,-0.984077526476071,1.42363719548358,-6.52101962150307
1,9.34226263024593,0.0519979262620414,-7.36027303103634,-8.34238649147629,8.68068619760872
1,3.36198671250382,1.03189700967795,6.53546629301709,-6.21597796118756,-7.54827359787667
1,0.0601354706865305,1.18051070684003,3.97762794623161,-9.85621459851837,6.28064908182565
1,-2.43995182702889,-6.358289232696,-8.16294838857624,8.8068469875066,-0.196521191340759
1,-3.25263411407083,-5.97436124065713,4.01969454458573,9.81607845342936,9.18132774333889
1,9.04021410166002,4.1227693878545,-8.21179474430522,-2.56349895513932,-1.88580803676169
1,3.86667657178446,6.9232500001434,-5.15650374065145,8.74678636878205,3.06382846951732
1,0.682034001466745,9.19021786138967,-2.23363159573065,-5.54592579896352,9.55596420661982
1,-9.13020604127445,5.21690697593348,-5.47740945749672,0.415044573108494,-0.31969091714728
1,-5.04898248754919,1.09669471448212,-5.06064315323885,0.781302247768794,-2.46437746379215
1,8.86341445334417,-8.2884589429688,3.30597905029698,-9.92777182074171,2.40147487711929
1,1.13720332486507,-8.28930637419743,8.96079925748737,-7.07680958654617,6.56857575511191
1,-2.84963535289536,-6.94845347343723,5.14981229024619,7.66657472716769,0.702097559093126
1,-9.81099251724201,4.12366069853346,-7.55312020849355,7.34832131456274,9.74075806326097
1,-4.92903465550154,-4.43673844912574,-0.505252404938332,-8.40450659358607,-9.09469602731748
1,-4.91546619698926,-1.53496624411477,-9.07415715447236,1.5743699609714,9.14897662244246
1,-6.58628947931948,-6.95158770516307,7.80586303579859,-3.44252516899086,-0.570429266248738
1,-3.10040080645618,-5.26357969358882,-5.21655806848556,-2.23769545143917,5.25368819801285
1,-5.94701897304552,-2.58290745164188,-1.36204003072809,-8.07520576912731,-4.89962600712043
1,-8.74196919638318,2.26863096687576,-8.1106299841482,6.03067483174385,6.02711670889935
1,-8.04079208227483,9.55414638179029,-7.41914867898632,6.86269713586469,2.60555980914215
1,-0.0654499537176978,-7.45626509149328,-0.209886035808859,-2.03733084888583,5.88444324966461
1,-8.60678819175109,-4.13448334825626,-6.39352998814874,-0.950400501548906,4.57922358013193
1,8.70307126702977,9.93209542396686,7.67451212619439,-6.58121427202298,-0.571156493927914
1,-5.87804729658833,7.66258706933359,-4.58350800861032,5.34683105306815,2.17957341175113
1,-0.715753000819069,9.11043803900675,3.83219108823665,4.03906275787399,7.44822741022435
1,-1.70663485786726,0.582894064722694,-2.28603690139812,-7.84606487756657,1.11932991821123
1,-4.17324563134035,-5.2845633261996,-2.06201759883692,3.26119334924561,8.96300462395946
1,-3.52942970359912,-5.97072581002848,-8.54711016470404,1.05627981962833,2.35561318339357
1,-5.76804833167721,6.07752776099627,3.42501540519688,3.4328410555088,-8.48057155763341
1,-4.39463424459603,8.62830041745206,1.79574893693194,6.23499514529706,-2.52091664776889
1,-7.65789928606821,2.33799955030161,-7.51125798149445,3.6495448073529,4.23058410613201
1,3.78503749555088,3.72820524875403,3.13390454403425,-5.54708343269186,-8.58095175518972
1,2.89052378748915,7.67393028214699,1.42972633524515,-3.4549531885545,9.17981271951354
1,-3.76941193314031,-4.85282614552804,-2.84933208479674,3.50542253068443,7.31469700705727
1,7.60597912314994,1.62950368558551,5.45599240267623,-2.42612269983266,-4.63798566673718
1,-2.27248549810878,1.33308903738352,-2.36285977382399,-5.69425011612934,-2.69203151580175
1,2.22178600637737,8.45780123432397,4.58554663766418,1.95474115798375,-5.74161316958801
1,0.463386523503903,-3.52473298174037,-6.34432260320918,8.1381591455099,-8.10331140490508
1,-3.4988639277974,-7.23994826882467,-8.77287613085698,-7.30952445976244,-6.15954945608811
1,8.59580846130325,-7.92452257818466,7.25179981802771,-7.51611441352401,9.52813700537033
1,6.96402817992607,-4.33787817654873,3.93399934606137,-6.84577747712743,-4.6964784946704
1,6.82245896039816,-8.70028104974097,0.523243835323779,-5.94375220131188,7.85634285715097
1,9.08577273112655,-3.87310218570216,-5.78188800156146,9.33988638969991,-1.43777517497963
1,-9.95035147463807,1.57010580166895,-8.58972572923214,0.282840140738841,-5.62843075527375
1,-0.15761799538746,-1.08101414442389,6.68214668652737,-7.13390479320406,-3.50955875787229
1,8.75826238129207,2.90485338166446,-8.37933758938792,-8.51921814836187,6.6900095729575
1,-7.31146480353722,0.481325762688796,-8.86235104190602,9.41385947057809,-1.93748398151448
1,-5.10011723171661,5.13659557565093,3.0419136029148,-0.914968554447032,-5.4253544309501
1,0.101238411542822,-0.948637496577136,0.135827707783772,-6.51006879979117,-3.84849090231563
1,3.56843019643765,5.47506155473604,-9.94564083878203,7.01081786796387,-5.39841638241006
1,-3.34480084766102,-0.52261660443329,-7.23089392993527,6.71286620297533,8.33145191015461
1,-3.87270656819986,4.52425949365011,6.1833343523333,3.10719956588814,-0.613956015012223
1,5.51595822443098,5.49992909821941,-4.94200602855717,1.91122429198177,9.00221344370824
1,-9.34292123543105,7.08683468635601,4.32718900209004,9.11167469385526,7.33080910272601
1,5.71595725043458,-6.77831479956799,-8.91284347962796,3.71101144594207,1.79143634598118
1,-1.42919437079581,4.46607017545126,4.60070224707351,-5.82161374623459,3.93771745926522
1,2.58018914337121,-9.780391194488,-4.36090103923791,-8.93126314591136,-3.70510862656776
1,4.11006049813599,-2.0013929863957,3.29211609527282,1.18458149842041,-0.14965881562344
1,-8.03062741157165,1.31216908114234,3.45243210484465,4.85762020596533,-7.80495599129264
1,8.07692329749773,-9.40983019589141,-1.51697142174582,7.76787124059889,0.594231058667763
1,6.44624937235492,-9.23218389297817,-1.39108397656618,2.15959607239319,1.45926361447552
1,-2.492371254925,-5.21461206457593,7.25260614615984,-3.42031281256359,-1.3351268261523
1,-6.10411343008282,-2.89729127107976,-0.47274424312179,9.27677789279338,-8.34236230864213
1,-8.74389123888321,4.00894363256178,-2.55448123279091,-8.39306252455232,7.80102796675625
1,-3.82782147719571,-6.18799750944565,7.97318782723046,8.43832981845338,-3.84812950661244
1,4.26383921204112,-2.07528525803111,4.07220457655233,-2.47083233743098,9.83011221057517
1,6.26363432359786,8.1065020262781,-1.67313184534739,6.62622361498968,-5.87954135392496
1,-3.46823397565521,-3.54720893207509,-2.42182692491436,9.7382800758396,0.635785862941486
1,-5.59420226784358,5.31351292219236,4.70510693374521,-7.47901339924481,6.65991069434914
1,-3.45211632706918,1.71179371865744,-8.21115914558371,7.88676628137278,0.136886268880955
1,9.28733672611497,-8.93397956429704,-5.65090131033609,-5.75544920004746,-1.53908445632602
1,-8.07818599645938,9.45502038928603,0.969078144735898,-3.72863940536675,-5.02478028573459
1,-6.75633104712122,-7.794127500354,2.84753264971307,2.46718808922519,6.27794591935482
1,3.88478237905521,-3.16530732075535,-3.70124478559473,2.81743045042054,8.84063712115259
1,-7.20473001904469,9.03811831981011,4.75489071551054,4.14479898271644,-5.68030054631511
1,-4.66748214740411,-5.13491715585215,-3.46126806374602,4.14860877816518,-6.59016296725775
1,6.06351744916153,8.98653012210874,9.14921917007666,-4.61460949497977,4.82224984719711
1,-3.98776432283267,3.21008125671929,8.95331788198556,5.76537284294887,-0.565826140353398
1,1.94033097742509,-6.15534560627057,3.28523697742555,-2.58222819514289,0.10706392631822
1,1.45624575530714,-7.17501721348469,9.79054847031233,-2.03101956112354,-1.71013454698422
1,-4.69113056842662,9.64099944368011,7.2157362787203,-9.80803157374661,-2.50584003742165
1,-5.02531422214739,-1.03386751297242,-7.5481871345698,9.57341203552176,-2.40954789508174
1,-4.20649018675967,4.60994629798675,-0.501029916087916,-0.201051544207797,-9.25015222165603
1,7.51880144848063,-7.34493602969075,-3.59419425103831,-0.167591846461708,8.07539122349568
1,-9.6248370645847,0.135623409063557,4.454757935513,-6.57699118987425,4.80021681793787
1,-8.16727175775394,-8.10887079086619,4.3990460758147,7.5925518674746,-8.19150865096315
1,-3.17580081691496,-0.0772360192572563,-9.85994383981544,-3.95174035622708,-9.05890354824033
1,-5.59396689760698,-9.80353619386779,-3.38553687547069,-7.6833469155029,-2.40412810587595
1,1.2571479783144,-9.1642443547071,-1.45591023123283,-7.89630190275568,-2.31295067001752
1,0.789221891486534,8.28117214488854,3.24049409329129,5.85247955996072,-8.14147284776071
1,-0.0927599439134852,7.79163822456896,9.09577539711062,-6.39592073687498,-5.02073906142608
1,-3.98493859993292,5.45142768361136,-5.92679189356705,-0.0274990151456258,-4.99087527669196
1,0.228974506764065,0.590839553930785,-4.48895321353894,2.28276660908679,0.369683401294003
1,5.72457033503107,-6.67296368304418,9.08011433003683,7.97109584207209,-4.58829285322468
1,6.25011162984427,4.76413721830102,-5.06396421312863,8.57679819795801,-2.99076693420708
1,0.656817749916932,-5.7180208815348,-8.43875279089555,-8.44123679428291,-0.122821188947178
1,6.12670428821034,-8.8396783927429,4.81399234246155,9.95246015641544,8.92234484166088
1,-9.3144904078071,-3.68638476902034,2.95169603131848,-2.4583767105541,7.65718203484462
1,-6.9186775820098,1.71052667335718,-6.6807928126465,6.61325932808357,5.45808594070939
1,4.96370055337352,1.63654579683679,2.95053446512754,-9.97748325133297,-9.77792592015787
1,-2.30260205555434,6.62499005706209,7.30370416862829,-8.72542833508487,-2.6082791651311
1,-3.64203019609313,-2.16101232821704,2.28340394398076,-4.77192267113832,-2.53051091637028
1,1.44017625933972,-7.00754522326106,7.91158287828233,3.64462849465877,2.64960052496344
1,-2.55158969727242,-9.20518397307452,8.99851308372167,-1.94032417144373,-9.16364138757871
1,8.19059819982924,-6.03973023652514,5.94400165701141,5.84790066957721,-9.29336641398326
1,-2.26057549954064,8.68436460885875,2.2679998075771,-5.15063752655123,8.84304574368467
1,6.72498390834549,-9.25561771979136,3.8546809121498,-5.5122075006551,-5.85145455773727
1,2.03527440188442,2.76524038523494,6.87963786425909,6.16863364741505,9.05792964845373
1,8.24037554884598,-1.27071964399321,-2.06540430687874,-5.61240972718135,-9.33858749361371
1,-0.318928512906497,-6.25902314117318,-7.33910996717508,7.55039898860571,0.174070727197961
1,9.17028133191367,3.47386748757669,5.34488270728881,1.91748253404413,-5.1127993686973
1,1.53419320905902,1.89647779385679,-3.44408989918994,-5.38404335228883,-9.4673796901217
1,-9.44511404027825,-8.6630816868388,-8.07698203952581,6.4770454667607,-1.66862116732428
1,4.77741698435343,3.27821937673815,-1.21424613832702,6.89578848695684,-1.18826772588784
1,7.22801593164662,-8.47199532780797,-3.15036275062555,-1.61099047729658,-2.64022677394719
1,-8.02899981193098,-5.5252486830733,-4.99935533189058,2.1302847895054,-4.79206399022674
1,9.26886081689146,1.39262601780945,-1.57545652769937,2.82141514022591,3.68688949239544
1,1.26852072203274,4.32643615660225,-4.90724852795947,-4.15490649775045,0.831595237551975
1,4.81403821875437,1.56633125395467,-4.31324386911353,4.91543111100786,6.54552166324234
1,-5.51997363974596,7.95336341267782,9.50712834726638,1.24991773363628,-0.651550369599194
1,8.82364991374943,4.00755025373841,-7.71260158068188,-1.97098899706441,3.68778727249633
1,2.86656918591745,9.40046674601411,-0.486902378063732,-8.96352625478867,-5.30538856145891
1,0.866372758660122,-4.51343513899185,-5.52578153448715,-9.78411510429665,6.94423248389137
1,9.22780394351346,9.69659683779428,8.20847646957543,-8.30145778684344,1.16432556887023
1,1.13937465333317,-6.10881167395662,4.98153946905389,7.73042940246599,-3.7474648193568
1,0.633367838910708,-6.14707316347523,-1.07520539468048,-8.1323878248609,-7.77338079256951
1,-9.1046607589395,-6.20439387595428,7.09649143016234,-0.456378771177214,-2.88156113264263
1,0.927779399285825,-7.63887606937672,0.101579899845545,8.59655670340606,-9.15530172637495
1,4.88721778656885,2.51082763420948,-9.44923096368261,-0.707089325490546,8.49850950906425
1,-2.63193539935975,-9.90943749301371,2.83865778928736,-6.75185867889046,5.4840461203898
1,3.58652027162442,6.1514283805959,2.23184403533151,9.63665203223742,1.09874960586027
1,1.28215623767932,1.98080729004693,5.22781626205376,-8.02063004319107,8.47883113478629
1,-5.84049967233945,-3.9426582785182,-7.19393079653569,-1.85654000268988,-5.00015960759939
1,0.93627846243151,7.81723124635613,8.85283344724928,7.91038197613932,-1.90160363505359
1,-0.480225182414909,6.85650674872045,-2.32624832198264,-1.93432401192308,9.66296079231028
1,-3.24560758587686,2.63440324441967,-0.371510943307868,-2.28651462445908,-0.225918779954043
1,3.25270401269762,-8.48698586954012,-2.15156054616597,0.843972897217169,0.652806310811435
1,-8.77692462813339,9.29673065415259,9.88776797794749,0.533198553353458,-0.0168779615680119
1,-2.54457148761546,2.37270282014325,-5.00071376163048,8.72650418669626,3.64225548701095
1,-1.31781306229068,7.87965610193818,5.72172592345281,-1.99398145740707,-6.19602632547404
1,9.47735242914348,-6.74030779130113,9.06471614173438,1.0571052028647,-0.2070982948809
1,3.96398709140706,-9.45658144425392,-0.307518307268079,-8.91351838427145,6.87164785508654
1,2.51577240258887,-4.0158256855834,-0.182979323690105,-2.22621564222369,-0.619507102165091
1,-6.88110975077971,5.67402829053012,-7.21852944028119,-7.0941977094848,8.31352289511006
1,-1.2981514721867,6.46742195605142,2.98201921688861,-1.69023756939624,6.86613055560572
1,-2.57529802211247,7.78890721346696,2.95893746303352,-6.7617115939262,3.27167576160559
1,8.80795100369227,-2.94867110244546,4.82724109079229,-2.73249296532839,8.01817517171612
1,-0.943647376358463,6.36218843499302,6.7999055958809,0.837132778543346,-6.94181371008112
1,7.10199973844894,-6.89958399808586,9.98341472934865,0.150917965865604,-5.76945250067885
1,3.07223702826012,0.991455394079512,3.09775129005252,-9.30071595774838,9.54523991905186
1,7.58573910834309,-8.98715840604064,4.7449425961147,2.21102608919765,1.72883489787781
1,-9.93329110401845,4.40018403942218,5.810312731927,0.00212228939490977,6.71725251110518
1,8.49576472553436,-2.75980791581368,-7.07429049834859,0.408121442459574,3.25492098572399
1,9.02587508559619,-7.84240826131456,-2.46102887083582,7.54420999707129,-4.19649778474856
1,-6.90128966613296,3.29883182897611,-3.0825124891824,-1.85209322410652,-4.38360624778578
1,-8.68578647882036,-1.47990721323443,4.97276930726531,-9.98731905972585,-6.81695651832483
1,-3.65433285017905,-3.61440997243339,9.16117199039995,-5.20011449648541,5.644796775484
1,1.71110899755157,-2.70021138981983,-7.28640684612051,-1.22807169977947,-4.06728632183129
1,0.482626900897674,5.29900363465903,8.13804459034283,-7.82758827657703,7.81926386785726
1,-1.29754762509656,-1.8416532744732,4.06852493980615,2.11504040787331,-5.91346246061918
1,8.25354305028419,7.61503430569434,1.13784768667695,-5.04038528024123,9.97910403315678
1,1.399533039851,-6.94621918850076,-7.06901253499014,-5.33248518576404,5.86387287180735
1,8.68273497388563,-2.26034348048205,1.37374088942525,-5.3128015195366,-4.22885415770831
1,1.52308708112138,7.38238985507516,9.04760831334906,5.99127562108097,4.05071094423873
1,-6.29639611700935,1.94361340253128,-1.06382990321507,-3.68767902672337,-3.32778837262638
1,9.64157417773376,4.49748171229522,1.14634679350787,-3.9234698807401,0.106208318325965
1,9.97006520822207,6.81026950723714,7.53848351296227,-8.59713261765915,-3.74763498064604
1,-1.07063783332897,0.501856602918627,1.86265510660144,4.97165070290534,-2.12774719091727
1,5.2486111660544,-7.53495195001171,2.96781018422282,2.21299322887326,7.82890366290298
1,2.73126836369163,-3.53536868614002,-5.98148773186096,9.39498196640933,0.984057384796058
1,-6.29512050173804,-4.69927534945699,7.13767801677886,-7.74147201670887,5.77927221735837
1,1.58403920136472,-6.89363489891288,-0.387673879243156,0.685135597224454,-7.4175404138775
1,3.08483869262167,2.10807083399402,2.18798115729055,-1.80054914882972,-5.6371557621494
1,1.87480740391232,-5.72535688268733,-7.5574085974392,4.05128674330365,4.58657139412042
1,0.829532779870011,7.23462094618759,-2.49780438332124,3.80235113901344,3.84907850500404
1,1.83758137071567,-0.898230586819587,-4.55112844376371,-6.22887669991492,-1.4979888340154
1,4.17982344587156,6.05056045004343,0.683052274162224,4.56716358015521,-5.75979128293939
1,5.41955947322622,6.92706468246795,-4.53735602339857,4.34389403119678,-9.35551634625744
1,-8.21899607404491,3.20439538387593,1.53589462822808,8.29750381036948,-4.12043449070666
1,8.2699098082656,6.37877084420433,-4.8258393874491,-5.9808943668073,6.80086545850013
1,-1.00749989884509,5.78967571047903,2.15584648884946,7.66130980124186,7.4747126377991
1,3.93242231622389,1.58546200364773,-2.90485548032531,-9.82416895282617,-0.516161626155977
1,-2.24721901666561,-3.45494887939738,-4.77745689735373,7.2711048658577,-5.73558189425136
1,-8.9788570249048,-1.75466302647522,-8.49933750061256,-2.71460827020333,7.30659715152174
1,3.27282515238503,-3.92857767263989,4.80168704357144,-0.33357864900265,-2.47880754169419
1,-2.68678871702269,-0.32121844477836,-1.59831834250286,7.4334286652988,6.62235749104515
1,1.05559920262889,-1.94551473456613,-7.35331664590366,2.66199853142916,-8.02290001946206
1,-4.66820318885444,-3.34978892405332,-8.74636214709529,2.71401064463444,-4.88675258720452
1,-5.92247838656188,-7.76378659220201,7.31453805684383,1.91163974957901,2.1117667728302
1,-4.0759009237494,-1.73167095190908,-3.81757189183305,-1.15078125937967,-9.22567508750327
1,6.83735265183999,-7.20555783859846,1.10621765694731,6.18142563037726,7.02257284982183
1,8.48030383347905,-2.72232605578266,-0.325483021681219,-3.56964531029192,-4.49058753309523
1,9.57167175200606,-7.84813409550341,6.80632944919105,7.46304786971094,-4.68437548463308
1,-1.71338105267555,-2.33526204209133,0.0726013886620436,9.96487350973222,-4.27867027081052
1,5.46373138860422,0.753842838107799,-1.60945201721577,-9.8750755118374,-2.32567312522724
1,-6.63893758819029,-8.50968441925692,-8.37698362006624,-1.3049698951157,-0.0694970831052988
1,4.88511782312757,-4.86293025429687,-4.01079491877411,6.13749898537812,-8.21111077295836
1,-1.51587363067719,-1.46907867590264,6.7307672199408,-1.93992136519398,-5.67985125000591
1,6.88184178337753,-4.54722652757617,8.27959135916362,2.95832985347668,4.59208808778073
1,-6.05959481880544,1.26254773810254,-7.07403116454439,9.24127470594035,3.88887029116521
1,6.37831082784577,6.22279739667107,-5.82680042210469,-6.63186656137993,1.09984269198587
1,-8.55349353772977,5.6498231136581,1.98680628747502,5.7574994924684,-3.13359283669688
1,6.92215423504341,-5.82900282770359,8.43833283226065,7.01956667287838,-4.7030476333018
1,-1.52702127123414,-6.02675355831605,-8.09854465811908,-6.48039450718337,1.46772449145042
1,-7.18517289165966,1.16172824459634,7.30817818169436,-5.86435517122785,-7.10306740422537
1,-3.88165698206492,-2.66536147933476,-9.42653785244215,9.00422609305624,-2.61970687836727
1,4.18723866967648,-9.06294938788882,-5.24357279816331,8.65106573308479,4.05289453603072
1,-1.07430065092376,-5.36730159100614,-3.3020889402543,5.54376114686953,1.34322031277533
1,-5.33471282354897,9.2899141029294,8.39036700415108,-2.30222115134754,9.45552603823677
1,-5.22469009767067,9.40152854011765,-0.846509657544384,-7.00606877967513,-7.08131538469125
1,3.86346506005954,-2.86449957099939,6.51351426770113,-2.73831128137954,-2.19097839793041
1,2.95538955788684,-9.1645741968865,-8.82568920291765,4.53506431386354,-8.20755779386118
1,-8.7214980784001,5.9974892453876,5.87954056174755,-4.5117174238867,4.32515975866307
1,6.25035398844535,-4.3868078829585,-2.5200040848036,2.34505071936592,-5.06128581886966
1,-7.19631633665225,-8.96353505802811,8.75494609257354,-0.40416800853313,-4.08823596220695
1,-5.18871511176875,-5.10949360813871,8.03925519849256,0.535746941553239,-5.77113763415676
1,-9.72192349630632,-6.95478829568019,-1.32698704461738,2.04118219482492,-7.50314771267335
1,0.125096706786676,8.19855887603912,0.626483558357737,9.82601925171256,-6.91632603905028
1,7.0186409765761,-6.10161242987759,8.33219566724026,-6.65437538075247,5.67645473768401
1,8.59474168278133,4.98677386448963,-7.93606596904131,6.01864933891028,-6.97828728114875
1,-0.733804511136743,-7.17023975400699,-6.39505607710548,-0.842208440854224,3.13745211719962
1,-7.9450144902581,-8.47326519591391,-7.89303853895398,5.73419834050826,9.82018516859241
1,-0.513897684905011,-2.57065383061363,6.50311494442998,-2.06099545666063,3.68736893174366
1,-4.19083457873866,2.20239421335716,-9.02359352126911,2.49520653155496,4.8135217675589
1,-3.81205438923525,0.626982178200626,3.45566624215316,8.03444178055679,4.03010103103716
1,-5.14081819792136,6.82796146354778,4.24120177703246,6.24663116157895,3.08271480243413
1,9.07383097826471,-1.27225365773176,7.5825247703198,-6.23454261526633,-9.62006992051741
1,-2.05179341451141,2.23319282949477,2.06303003986594,9.41827146395491,-3.2481076673405
1,-9.92853133069862,-8.80759242545175,7.93759088602926,1.77114949787101,1.05540726229991
1,-0.0947567508224534,4.90470293030819,8.28050224021673,4.71970783818898,-0.622428927388549
1,4.00395494295503,3.90415862075992,0.101112082274073,-0.0987282306548583,1.17110412128329
1,6.30540632469739,6.23839937480263,8.52573251714825,-2.49957574168106,1.56786591626785
1,5.06773658684166,-7.91565462289181,-1.37378265902328,-2.83641228389851,-7.58308992298786
1,4.04324531899517,-0.760294016694218,3.60944364083655,-9.08922536458512,0.788524531890054
1,-6.03808743701132,3.08479466519417,2.53471909946313,8.89456796271883,-6.35978934269135
1,-2.99789245147809,-9.83390549712808,8.05575208314177,2.49998442495802,-3.3451953246951
1,-0.810558746174427,7.02382202600004,5.32656815287838,8.4918568387911,7.22676943901345
1,-7.26075303026487,6.41436028592188,8.0969129961838,2.29477108971102,-2.02914303162806
1,-1.45245061164091,0.259598216008175,-6.26186222309855,-5.19530668003548,-3.93638554745515
1,-7.97023686907857,-3.08025765386915,1.46038639916694,-1.49488143059316,-6.40379881523013
1,-8.25488769587794,4.58098042844988,7.81947033574272,0.0282443260288403,2.02788236214882
1,6.72371455395873,7.7932190402498,2.8918996230089,-0.91783996463613,-5.22775840915478
1,-6.62104883164122,-0.110701317656481,8.54947011871499,4.5761418641449,-0.597146112275354
1,-0.54263175819549,7.70446635695047,-9.02167103182801,-6.55056560270818,4.19022945487607
1,2.49824796321851,-7.04465072995098,0.295260080087424,-5.60332984234233,-1.48093111414366
1,8.77937767940941,-3.38396023877588,8.38044385225334,-1.98827979496873,-0.730063331582702
1,-3.8735354899528,4.35687849538158,2.91636013003605,-3.79660011947153,-8.3348775275186
1,-6.37757103368839,-2.80132775230422,-4.01185937006492,9.14685489902041,-4.96010070081801
1,7.50842686452494,0.448217097265818,8.785109334878,-6.215860306417,-4.44682056611309
1,-3.92828404501883,3.09573904103644,5.09058046393116,-4.54025700316818,-7.82186946776416
1,-4.4469385482502,1.78462496155065,1.08584880849188,5.45185418005217,-9.72311795458951
1,-6.99744207280207,-1.4360984701335,-9.17756676547287,-3.60673576283886,-3.22110090759392
1,-1.10636355515481,-7.18959243470819,1.65880441944741,0.153338523051874,6.03928620111383
1,-5.37050548207298,-1.77370564272213,-0.904529949979707,-7.71935592156168,-5.86257332239954
1,-2.82276806510137,-5.47314982332995,4.36708099999005,5.47814432812267,2.56653745340229
1,-3.32706846449616,6.25061814000372,1.82513227911537,-9.87797361838404,0.355455777904258
1,2.4977513956564,5.80077314997871,4.34065824543867,-0.000238082162969278,-7.63693263724411
1,-1.0859560582641,-5.69088881975575,-0.209694347416079,-7.77302565792885,-8.91565869550561
1,3.55886886958117,1.66151103142851,-6.97795110048826,-5.46375048024332,-8.2585469693856
1,-3.98286261978476,3.19943278332812,-7.52489528603479,3.5142955969804,9.22048601267975
1,-3.55236407866759,-1.44278547088441,-6.54018928503619,3.38686462623372,-0.443946940526573
1,9.96559060343537,-8.28192105320128,8.39385057915048,7.62540196776085,6.40675709979798
1,-5.23452184361575,4.51560689354287,-1.08482095486798,-5.38258871718774,-8.26583185561901
1,5.25722957587006,-8.29344236265444,4.95397003697939,-8.75452761769235,-5.69390130241779
1,3.99173366106726,3.62478108161282,1.67795548036896,-7.4175175203331,1.365934243676
1,2.95681302306224,-8.39275024736387,9.22787052423336,-5.14523467086717,5.51326930664294
1,-7.56876801496625,1.82093026880134,-3.7728759740485,-4.66810086091956,7.07743707814355
1,-9.88855365467068,-4.4554522149265,1.09909770633679,6.38881066439714,-8.98270860482179
1,4.91106516662905,-1.91736788298564,8.26049252552424,-2.7886545048817,4.04553649741334
1,-8.33943002215266,9.71799669263807,8.54565181642802,-0.337566424801444,7.68931611926487
1,-5.14561759312842,9.00563707439057,-3.4731754990112,-1.05739463061209,5.13502474746378
1,9.78455263524549,1.55031151544236,-5.34548208754539,7.16066322570592,6.83533876827391
1,9.32228350772125,3.77482932188888,-4.5418960193019,5.72567209463541,-7.15626697370231
1,8.42649499636186,6.09851620412013,8.1082171652121,-7.75847509651999,0.510041453999728
1,1.66528958869118,4.38090741704298,-2.87946875975854,-0.569026435306498,-9.67875453165082
1,-0.8753592659018,-7.39571107027832,-4.01832614936637,7.56282819709982,6.96276705153347
1,-0.753247959765632,-0.845860029725248,5.2695658809151,3.05346336327437,-9.22035464657482
1,-3.20521703500253,6.67130384174905,7.63411869249862,2.29067760989755,-7.21908944344578
1,9.34706604330112,4.95526918704569,-4.90635418934104,6.88486834324472,-8.00314908423953
1,6.31959097144974,-5.24581587943969,-7.05743759449808,7.18153803706948,3.22236170252048
1,9.83850474822025,7.25823022262574,5.02429353117768,-5.75020464137026,-8.50485485718795
1,-3.98236573234022,2.25655578601974,-0.76482267227447,-0.18212805531644,-2.1721801273235
1,1.59701450712965,-4.28307345167142,7.54876274300238,7.68706545145252,4.58503515158509
1,3.64135722311602,-8.85369812694086,-9.354452019225,-6.20711981565741,-0.412132534389425
1,-2.32741690913617,4.84139935372605,1.42283402302132,0.0759329539038767,-0.750828563445793
1,1.68356000247933,-1.30622389411147,3.26797753873675,-8.07391761035479,-3.71294524996683
1,-6.06965563388457,9.48701509947508,3.38291546564637,6.40083378084622,4.30053348017987
1,-3.72263591794851,-4.70593693312542,6.23987582590227,0.0743803403632306,3.43398606114217
1,-7.30106335835289,-8.62783004359819,-0.314682467435006,6.48033230253291,3.86980771806519
1,2.85557418543987,-5.04613643236382,-9.74310019749742,0.583020064111873,-5.45233614358066
1,-3.31714040377686,-1.91971692489752,-2.71623991137667,-2.86342738923798,2.66724496825685
1,-1.50327528661146,-9.25863986379534,3.52674640024176,-0.972096646244168,-2.96123478670749
1,-2.38867442088417,-2.23905868418432,4.8897211664042,0.595221908780738,-3.33304177508374
1,-8.94500337872146,-5.13337604011922,7.69557531314821,-0.213010292285743,-1.61052438434269
1,7.91707701572825,9.80508697709331,0.996921236909065,5.01610026156238,-7.91919814500127
1,4.54949346919913,-6.57017568814522,-5.24193402942176,-5.48544090047464,4.25166640947742
1,-3.51933608924522,6.88713030405616,-7.50183798916928,3.08198433654497,6.22808502617019
1,7.97398638857075,-6.64136115772708,8.70108266304032,-2.98044603384991,-3.86185061200883
1,3.51246443825966,1.58833817445512,-1.29962737413195,9.13494166387823,2.82921495616641
1,9.83342254498509,3.18252042231508,-9.62837706586993,-5.93584655245848,0.19228330616594
1,-0.735740763227501,0.698305620195496,-5.62433082338057,1.61618194075612,7.33765529434007
1,-7.8078425110557,8.92913325574001,-2.33329284584439,-7.80571863036757,6.54124140929121
1,-7.56802979933079,-1.35794421170668,1.934549740199,9.45468148483896,7.73210077399919
1,4.92943214247378,3.01602634549392,-9.07982533685841,-3.34118554162028,-8.29016904136961
1,1.5749540894105,7.39796431392784,0.314439059249306,-2.03962807852815,-2.53475647339359
1,-5.66381021118086,-5.32057661241216,3.65478730097053,1.12069450487224,5.19565509324326
1,0.951917969944372,0.839343669822474,9.76597267256083,3.27713785731428,-3.55155124837726
1,0.596077574441399,9.68366297985015,-5.73524566100633,-1.57282756079605,9.77336848455116
1,7.15552667141575,5.22667808812366,2.75998672137213,-9.55542582948985,-9.96396301818041
1,-8.93847511374514,4.12961080255149,-0.971465011204094,-6.34364268373319,8.66793233208783
1,-7.73897292821028,-2.16854961574962,4.00660810549452,9.35539336142688,4.56493952243163
1,-1.1479780817395,7.02441896597262,-2.54525322523254,-2.92310029862857,4.03849857828996
1,-7.21165813487678,6.80342535808762,3.3407846718095,-6.35900495306944,-4.88203940438124
1,9.77484887754196,-1.24031515223335,4.23492891935201,8.78678785211071,-2.74739070972448
1,-6.03494850495148,1.41255528681034,1.47180695743966,-7.64298974266132,0.0498467827026605
1,2.39265978907842,3.58437136160307,-2.96647707921564,-9.12613491570566,-7.15145220336939
1,-1.12686031988286,5.77680152756607,3.89620961006828,-7.75837035640526,-6.12596176404691
1,5.63348714205286,-1.08924774231006,-7.11652413524222,-3.99854285311624,-5.96601326813107
1,-8.94740862996397,-3.36614869483438,7.663302458522,0.533280088341881,-5.47268681982118
1,-3.5120987196644,-7.20199752455803,-3.58321095460012,6.62957419168735,-1.19464895357188
1,-0.604547678497969,4.43368442624891,-2.62190692744081,7.83261808676329,-8.71728935058575
1,-7.72732150609037,4.94256693976051,-5.36925280409908,-1.33116304802199,-0.779908443047209
1,2.82354618860684,-6.14726399898493,2.01243077498882,-1.80040809819761,-5.56672566318058
1,0.684293133559603,7.14487736081652,1.43562304047769,4.17303465181683,7.46597965166605
1,6.53617220699212,-6.74124317276617,3.1163174389091,-3.57002651415284,2.59393676603833
1,-1.1542988904214,6.53957271894098,-1.38742115596523,-9.61625406538034,-4.70108762244945
1,-4.09958393815855,-7.42066772388847,5.22060795268881,-1.1686862528692,-6.84652167529773
1,-3.68215710630183,2.84322202862418,6.52324726871039,3.9957820050675,5.39744607176684
1,-5.28699939763562,0.394684732628754,-7.50159334974779,6.48404386480305,1.13756869936613
1,8.65970541559821,-7.32378764546473,-3.0222384497125,4.94654507886771,5.69422279536538
1,5.97425247605741,4.30582486402858,-3.02554924975546,8.37385252629484,1.86594065542984
1,-3.13083444391656,5.34410569560153,-8.15902553457724,-3.67141305970361,-2.87423987025096
1,-1.00332249624983,7.81570084729134,5.1155628273805,0.472421233267111,-3.43423352497067
1,-7.977800032467,-0.15377845717971,-7.34180822665424,3.08166429927128,-2.51676617792455
1,1.78759288927068,0.359321744429366,-0.05777881213859,4.9872537222959,1.44455353008648
1,4.57812950261962,3.0907007155494,9.37708244125544,3.75717230766287,9.78622019970657
1,-5.44094410101353,8.13658328717197,7.36422840755428,3.82984567519055,3.91051482634762
1,-1.15969329699224,-2.36760694666418,5.09366127792297,-9.14760734083938,4.79787047011417
1,3.49695202090811,3.5766228881255,2.37327162866487,5.62970082193151,1.44524558723841
1,-1.14712972143939,1.85517626369048,-6.58662089159982,7.74317101863643,-7.10639501930126
1,1.01090881629639,-6.38662156988915,6.27548355863884,3.42393250199788,-6.71222241236128
1,-6.10301487018903,3.72248802536989,4.94037486340377,4.77757626269824,-4.95281425895686
1,5.89996362059687,7.05154512240852,4.92829307163607,-2.68865168556993,8.21722283769347
1,-7.80774667144869,-0.584344365956163,-6.3423178023495,1.35730938246452,-3.63379927822585
1,-0.585705636483523,9.01339152137341,8.04695940185846,6.98049113134422,-6.66578518253229
1,-4.17767763107088,1.00882164203409,-7.67516528177761,8.52469841012293,6.24391144318131
1,-7.89220271712313,7.65956698835368,2.51616862918896,-7.39381060909011,5.07010159207059
1,7.1108595979431,5.17773487714077,1.22226173565544,5.83894984766016,-6.16082036475999
1,-5.99607312415653,-1.7591621859087,-1.25499379152911,-7.37101110830614,1.96667622700413
1,-0.614644341955078,-3.86716259095041,-5.08861940426215,-0.790891348051799,-7.6548901221577
1,2.2551785366632,-2.07648284590999,7.58822576352273,-3.77935968670885,-7.60760986116367
1,-4.60775587968618,-3.11165545232296,-2.26166756863442,-0.0534743617765905,5.7298573206638
1,-0.406727242744116,-9.06110355387319,-0.660692898209936,1.31168366811613,6.8417100994802
1,0.609377088580835,-9.56744783335156,-0.467190701791921,0.389729701538563,4.66759559779999
1,-1.10366256722297,-1.99396876915694,7.53539227727237,-9.13593370834945,9.89488655843675
1,-2.73682692840624,-6.24178257789535,-3.08521945098492,-4.43458310153674,-3.03755100808381
1,-4.87957167105519,7.0014523879498,9.245356672748,-2.42958557875303,-8.70226078642643
1,8.12346756306733,9.2738623574752,9.24650744013753,9.77106392020417,8.48023472666167
1,0.189602045159676,-4.25507435128657,-1.12733387902956,-5.96782178619999,-7.43229814848832
1,4.02683884374005,4.31779583750041,-2.64445620798773,-3.96868793133104,3.99177389878787
1,0.680291710900448,-2.67025599366959,-5.31457730507434,1.21781573782278,-4.00889918026966
1,-4.27875436823237,7.26510560682447,9.70346725467375,-6.8524880954894,-5.82497184858541
1,-0.427105441863819,-1.13892431299069,4.76023963726151,6.91416245040437,5.85181998491042
1,6.46427781281978,8.79343185042973,6.07246606903163,7.2328563017153,-5.1983658504717
1,7.51985870066137,3.17808735140821,2.85066615457835,-6.56659731772693,-0.3080617629036
1,8.81590823125032,-7.86175087223704,7.06339483362404,4.72972384207218,3.98140327348695
1,-5.68167614380817,-7.45769847911715,5.59186920405167,-0.953950811841377,-1.09873916570733
1,-3.0956893527165,-1.79474575163129,-4.45352755197149,9.93098385214856,6.81720386793567
1,-7.62104117778014,1.49553475117056,-6.0146337411239,-4.20951260663827,2.48037005587786
1,9.7651048344812,0.430667855063312,4.36225573273537,3.02992043612081,-6.28365035414728
1,2.62022829983814,7.25305595880334,8.72572807654486,0.0130050015611953,2.93324278078126
1,4.097497144111,-9.89734326199029,0.437069522231869,-4.91482919821034,1.53803819127963
1,-1.38524089476486,-7.59333875980913,-9.91573315570728,-8.50287258533256,6.41935969472197
1,-5.12898523399731,-3.57514065566366,-2.04397722914341,-3.85310020910547,3.80828906313416
1,-2.25541762989501,6.99816290504975,-2.08249979286939,-0.855414357466692,3.52578404090652
1,-4.22623296671955,-9.92022139312543,0.424442599443749,1.01772264663097,5.67749656915663
1,0.648080281782612,0.666844622275404,9.00430869089517,-0.828417038943092,-8.83106847434306
1,6.32441841586763,-9.98196367620425,3.01719028127625,-6.46959629091998,-2.52922835348724
1,6.63567165928862,0.811958683380729,-7.83779549726672,6.70251583811225,-0.339052397048338
1,-4.27559583298879,-0.413714238096928,-0.0742926362914798,1.35305188057854,4.30827522447684
1,-6.44835852083594,-7.37344780501946,0.425950531134836,2.35956555900751,2.82301648703186
1,4.46251780382778,1.690105815235,-1.04098569087876,-0.65631709514178,3.70075219155466
1,-1.65946957271668,2.4027138139869,9.55808006585395,5.78501214250797,4.91735671300915
1,-6.36096844539165,-0.945569327907997,-6.467242370887,6.59576565002227,-8.61834736409145
1,2.08693874591686,5.95477119674145,-4.75862072574305,-1.21513442174137,-6.22786122435594
1,-7.74929063384517,-8.79894592047964,-2.94712426066398,-9.87353982946119,-7.46295968992322
1,-8.08964788906746,-3.46661731179825,6.2385340311524,-2.58748359687812,-8.05954873079406
1,-9.75897604078288,-0.395599183633697,1.52349176099875,-2.35979804793343,-3.28552137395759
1,-5.85826696612975,-3.41298829229444,-1.50368795281066,-1.31428698246834,-2.2370102650158
1,-0.419834914033446,-7.58101805108024,6.00035196384217,2.73849868422706,8.73116515378716
1,-6.75380799965594,-7.70728672835758,-5.01335465237101,8.71462816392812,-6.54873122811748
1,-8.62624889793229,5.47714768268482,-9.85347276223536,-9.10168439215512,-9.97099774736405
1,-0.149770315358857,-4.65829721460265,-5.46492733828882,-1.07710470139765,6.74524424892049
1,8.06290902692351,3.26862192144132,-9.33225520658425,-4.48169692654972,9.00953249721928
1,-9.76998210600912,6.93331337550267,-9.33989663701623,2.61059662929179,2.39160333696308
1,-5.43843613890109,-4.16351559893261,-7.20016260649842,5.17665192888391,6.04572650607978
1,8.0264022441299,-6.26493657658693,6.27644955620191,9.89964080324222,-7.59993318131155
1,2.68477551687836,1.46609495002592,-1.81837839770125,1.20129131032931,-6.32316214954736
1,6.6094610238277,6.01802843344925,3.3643365728147,-8.25555710093108,3.19556687155917
1,8.18618937092493,-2.96141926212741,7.76897960217987,-0.85687808758701,-8.32925149664689
1,-5.62506390404486,6.75717864006509,5.1079607024245,-8.78927119043638,0.451686831826505
1,4.79069250479627,9.60575997493888,6.59243675843214,-2.48950939809612,-7.430097790596
1,-4.77967141592851,3.07847820393091,-8.66718972616178,-4.09058218799827,-4.61786459429679
1,8.76862052720306,7.88031907260159,8.92802526250981,-5.04810596547441,8.74930172463358
1,9.14299041339228,-8.16532943667527,-7.67828707122936,6.24671346896897,7.63301176645295
1,-6.79575203350286,-2.42146633195168,-2.40286150887136,2.8851360682472,4.33515865577066
1,6.2450816608094,7.31673837044175,-4.2618201500217,2.98833262261641,-1.94562896340613
1,-9.05740645541929,4.59568681463429,2.7801124762339,-4.08188466152675,-1.14122247252775
1,1.98800155810319,-8.04179027952826,1.128289379038,-4.4803821410353,-2.77322144777138
1,-0.361422135178863,-5.36023316920797,-2.19957202041571,7.20835191094828,-1.22701207695001
1,1.99158423425241,-3.36653346810487,0.633912559618519,7.3162268364234,-0.168965849346002
1,5.19837186496811,2.53150454173337,-3.09481456613139,4.924732697539,-6.45539670094008
1,7.40051553741595,4.94974428001603,2.09123521958164,8.41755894594888,-7.39372609082197
1,0.0604282188898573,-0.348499132660013,-0.308597185521805,8.45991757308994,-0.843837867082755
1,-8.52678005748156,-9.45836011428395,-8.15394749925456,2.93196585641579,-9.48820154378799
1,8.27527972714013,7.45073568232677,-9.22748707312252,-9.74945617540737,-0.755955567023044
1,-8.7843634299091,8.6263206052999,7.87767139215579,-9.08058552416566,-4.92095552351353
1,5.88942552990794,-2.77944437899915,-6.48972800393761,3.05497851086101,-0.0508771910024368
1,-7.5752241261221,6.19801925106061,7.42073460054004,-1.98445666993071,-1.0797257352814
1,8.05263840757971,0.440568759389334,2.34924039807508,-7.59854708426322,-1.7477301586848
1,2.68875893354617,-0.469268295848392,-0.268359249526359,-2.69409985342716,-7.03527497536653
1,-3.79650102399969,8.68396903550687,1.07107522884142,3.57107990849157,-2.95984941079215
1,7.30288977756129,-9.83826016828752,-5.62466968454635,-2.20105781607898,5.52323696257392
1,-6.39218848749451,-1.64087351670474,-8.80702840147631,-4.60611566451768,1.53772932745098
1,-5.68863525765262,-5.28654909605571,-9.97129941947834,9.17373776864091,2.6127288231361
1,-3.48218300495931,-0.635537763715675,3.70026556513683,-9.6426380340814,2.90099675975833
1,-1.72329897495576,-0.633193806657545,5.58438499082299,7.13895826631407,-2.19664959823698
1,-5.62656477193884,-6.1454112156152,2.01755333832869,0.4991157692588,5.43234287792536
1,8.39420775015672,1.53518903083103,-2.40578090315194,1.61908624596352,-9.36850831418633
1,-1.19175497877261,-2.19136358405196,-2.88625656786955,6.25305197687213,-7.68454670460437
1,9.03651896060659,8.71830794023321,4.55770386914005,9.79158978705789,-2.16849290791964
1,-4.93498120510892,8.72229863758353,5.00677907985864,-0.718986895000079,6.90133578004296
1,-0.628946678505793,-2.35415227979603,-2.49094610639093,8.93184607568623,5.957181628937
1,6.03203561768288,5.10848459432922,-7.55211175810941,-0.854424525998173,-7.96269584698986
1,9.78670369133014,2.45002435932359,1.34371644403154,-7.27470764262423,-6.52640404757189
1,-1.00515720055121,-2.56262784249103,-6.80836463613769,-0.533037283794451,4.57281216008416
1,-0.599808216771327,-4.74737962559019,4.0095600299526,-3.37529501634313,-6.3852573247882
1,8.81337915729432,8.45272351752907,-2.17267954427227,-0.888613416923963,-7.6554365402569
1,-1.35594029440146,-6.21582783677416,-1.07937905783578,2.19292837390744,9.13287426340814
1,-1.19110426096885,5.79502769056629,-7.96329308086766,-0.373704231391637,-9.89876478207135
1,9.06296633552052,5.08473728888407,9.63970078073559,2.20224076682252,4.07925282575814
1,-0.0622400476267835,-5.83542750799899,-7.44066713759151,1.94131519617928,4.60696524727923
1,-7.47534703545263,-2.54120119207138,3.30831345941554,-5.34237493575661,9.55361230950415
1,8.829129737263,-1.05911909015385,-3.28685973511529,-4.39348650373828,5.84726676269506
1,0.0295158256010257,0.00102047211407097,-6.58081061749445,-9.08418510656283,-5.43502477003381
1,-2.78587412818925,2.00527140674533,-1.2645358794033,7.11593391276462,7.45012679620724
1,8.01395913749315,-3.00054270502803,8.49648662611597,1.23546845108421,-7.100346690525
1,-9.65718475643382,1.9663256518214,-1.18011085866354,-4.40911558438693,3.05517971499802
1,8.95249935387791,-1.24395972651443,8.06249431176782,1.3894800878615,5.91377786026651
1,-8.24987110301308,9.00465686346089,2.98854906732403,8.01100000471313,-9.26510059475363
1,-8.49000578475292,3.84472936515591,2.00842262172481,-4.5969855807743,7.40630716423321
1,8.845185852829,0.420123693773748,-9.8743854828723,4.78869550433068,-9.02888441514791
1,-0.440679778553319,1.26126403551807,-1.49428300873355,-1.09645161150294,1.29290555969603
1,-6.405885812618,-7.82300328605759,-1.43900012802007,-1.38508946660562,-9.8810160992211
1,9.64529328804271,-4.48987118000731,-4.37924009604403,3.89539737239554,-3.04853571362995
1,-3.29567814989598,4.11599152119486,1.62416708739846,-8.91564394755035,-7.37125221777271
1,8.82678691893901,9.69258770851923,3.89758401142643,-0.562199718129488,0.39462942065356
1,-0.810176065372394,-3.94208809716633,-2.06922173568578,3.27690332233523,1.5317920025471
1,-2.6413337202735,9.81523126667237,-3.29824654121823,3.28708213686995,3.75204667967912
1,1.4667151807556,-2.95562687914359,-6.13332671735195,-1.44062270650687,-2.83569264067112
1,8.21043782408517,-0.923527648425917,-9.74496247528862,-2.42812913350734,4.67736900542905
1,9.60172366347065,9.48825838200233,0.436041112227459,-3.76359402429688,-7.74165598156947
1,3.91453895394578,6.52198802106599,-8.9796007682191,2.29392568425767,2.21743613527504
1,-2.63388471761263,0.544852460464966,-6.37733009283857,-9.24489768114261,-3.89339591693654
1,7.27188361326046,9.65253769646345,7.68000243266516,-9.74613061864027,-8.82082646477785
1,8.48638872202459,9.73595125029867,-0.431002608199959,8.03276955666008,-3.62372053708085
1,0.858458166876821,-6.86967461305372,9.61973509073771,4.73997528821821,-1.78183325784662
1,4.2310160963106,5.74147575443418,5.63541382262225,3.39358471119017,-8.03900215390764
1,7.42997805859155,-4.57586587501199,-9.71176964771428,-1.03028123930432,-8.2650292274039
1,3.68962660305081,-3.93240509163718,2.93948779364778,-2.11690939933165,3.58662001757328
1,3.00864660060449,-1.35553599766941,-8.49424495437401,7.08701575877416,6.85147645816845
1,-2.38565656778369,-0.45961617539705,-7.32631610074632,-2.97595802653364,8.53480484851172
1,2.0081909899034,-7.29208809128794,-9.15957696669204,6.92034189702472,-0.0215277580626765
1,-5.13635461132833,5.27783958947925,-9.26371227806864,5.65260153324901,-7.22469556134639
1,-7.60238705953473,-9.34226121183015,6.73203568284523,4.17389935179142,5.27481275295312
1,-4.82935110413575,9.21877835903587,-0.448059492335748,-4.40326332692698,6.11526761103811
1,-1.07525549600265,-4.65983459692234,-1.2461777725472,-0.0120729396116026,3.39137607408627
1,-3.10871996917147,4.13075226354835,8.72335832715899,0.723658213967425,-8.79398746265409
1,4.03954681271358,0.657839489994444,-2.42181595806424,-3.03253608953443,8.25939158587931
1,-2.34944400327795,6.78075891752865,5.59287511652013,-7.76234987087713,-8.5437314157894
1,0.0972321017670552,-5.92064413978515,2.5008398718124,-8.75449221639517,-8.2987945721907
1,-4.18288441891301,-9.39282747381676,1.20391862154624,8.55728513118348,1.55217830999748
1,-8.21947615902976,-6.47336089980704,6.94500188195595,-9.50637358144904,7.29496818228505
1,4.33590803719352,3.61564533176432,8.9556635157818,8.18214967746784,-3.72319057636649
1,-5.5177914376223,6.26938898879299,2.31253512639867,4.20546118063142,6.3850164557231
1,-0.691171709452721,-6.81816454571846,-5.87093122644959,-3.64606878598448,-3.6738312686933
1,1.8791212847494,1.53021265502126,-6.63345897523129,-0.376458614400486,5.79603349116174
1,3.45244783757327,-8.92490535024426,9.60859352807262,-0.413878463945831,-6.90284526407321
1,-1.7051383161242,6.54288574829845,9.19602629179226,-5.43993094456342,5.14050929143695
1,-4.41799842712222,-8.19923913418804,9.8209263717186,-2.36412288330213,-0.929786981742133
1,7.85556398791621,-6.4826651408274,7.17100758769181,4.62550779109591,-6.27253345009787
1,2.88548628815114,3.00917246005846,2.46832475580623,-0.505515937946551,0.115273337638653
1,-5.03943735161633,-0.603389928883299,9.84770228284827,0.393249857582394,1.54281431808404
1,5.36187467545956,-4.51097927356885,-7.15612974302193,-1.23966413321024,-4.37191231427193
1,0.736180500820176,8.85560128867233,1.29065784462329,-2.66662336901438,-8.94103123971823
1,-1.60462079712119,1.21361150952209,7.97034304978783,-5.4200359865203,-3.83335913812962
1,-8.05218201480112,-6.78901293751806,5.64966047365083,1.98587240917933,6.13734175428606
1,-5.55677045561093,-1.55332946886631,-2.65616396361259,-2.26435934210404,3.32606180216162
1,-7.89151083456694,4.15252398544711,3.02528187867125,-1.63662061086995,0.503879042937474
1,3.94458789969203,-0.851998928874906,5.62426312889853,8.90650704704497,0.0517412864480598
1,4.95261675128846,-7.88430009431942,-2.90108186863134,-3.19224418209613,-6.85124207201501
1,-1.2850650801306,-6.52905205174317,-9.68508893028833,-3.39445287645318,4.22652114565286
1,-8.91411021429775,-5.00773108133949,-7.1163009509497,3.02551789133062,3.90663913741172
1,-6.60126930761815,0.930112636583978,3.79493800659474,-7.19014244558156,5.27783804105417
1,8.89811583496812,2.70728564971566,-8.06874065850033,-1.1587460547955,-6.70774921706071
1,7.83831155468929,-0.474971856141973,4.98945198209368,-2.0025432996134,-3.52680038892496
1,-2.03479794855181,-5.75625500821067,-2.86985382591111,3.40205992684694,-6.66447536200963
1,-7.17128591839523,-3.13046352702567,-2.20042530059056,2.28912186259537,-3.29836476877529
1,-1.13054925293491,7.41619765898368,-5.41927117221419,7.69444776916083,-2.18868970815553
1,-1.3295404172222,-5.15627164105397,4.84036812145414,-5.86667655961599,8.54763616536278
1,-9.60922513657118,3.20555887178624,-3.33483483681031,-8.41965353711364,-5.09179811881025
1,4.37983248353699,-2.31486969992113,-4.38131182629161,0.549562247039949,0.614902069131434
1,3.14875947522947,9.17590075243635,0.193901671700949,-2.88793574471332,-3.21351732770928
1,1.73168970984078,-9.83693122185121,-1.93564854670037,-4.10738234630992,2.68830438792515
1,6.13885385805156,-3.69750815637821,2.05215475550787,2.28909980152316,-2.52302994092888
1,6.41635298561683,5.16827079002572,8.01610994667573,-4.41832301822322,-9.67137655984665
1,-5.71706195359821,-9.43962044017838,1.75751711978023,7.04422335211396,-6.66526321589072
1,-8.5948465299341,-2.30038091824816,-9.12279640505757,8.86978102024649,-9.94660803115572
1,-2.62448316478426,9.07599619998311,-6.04414998902343,-6.14447895150087,-6.70336831790826
1,7.62589384897045,3.50312085887347,-6.26243039791807,3.97785840824552,2.78672729525731
1,5.51042463483783,-7.78226725787127,-4.86390303643172,6.30036958088126,5.75192179454717
1,-4.89261395187861,-8.13769831740449,9.57276880308006,2.30273937520314,-5.92180067913151
1,4.66903945862027,8.84247103144432,7.10047965001498,-7.54532064334648,0.367714507699752
1,1.33326943794789,8.43632286493689,-2.41697805714477,8.83358854566234,-9.25924902036346
1,-4.47010743810261,-6.60906249985126,-1.97413519417296,-4.29522071180274,0.49262068484818
1,4.41294647083281,7.32626910004788,0.59151817452368,4.59797192801672,-6.71234633083838
1,-4.32906672683064,4.96433558188783,1.46252764667702,-3.55007989365415,9.50334045278154
1,-3.1686069336151,-2.03501055095304,-2.54073045753667,9.65456228493106,7.49849328499725
1,-5.95151113030002,-5.13260148897257,1.72575561402897,1.71999794934301,-7.45004755857587
1,1.15722017632648,-7.27700722030551,-4.98677497641845,0.96269988672317,1.42049874697222
1,-1.03312719022125,-6.08762972633296,-2.09374795988717,-5.53667662934495,-2.22495081426362
1,2.64621839667927,0.385057426912422,3.71266811497285,9.0988589587727,-5.23121093069898
1,-9.78975625411022,-9.52499445351489,1.49556484414097,6.65396321471193,6.42656425932051
1,-1.88531466962143,2.64425350316166,8.69836682857555,-5.61761181026563,-6.10362663942924
1,-9.24897155377623,2.06351889638267,-6.13724474047795,-0.719663380660119,3.004033740472
1,-3.898939440713,2.79564457956923,-5.70134317427481,3.99025665349795,9.97459528610744
1,-8.27467122761753,6.43669610093366,-4.95125871587079,8.89542778761255,-8.92803588063978
1,0.910789600547975,-8.84018901576797,-2.93439223786932,4.04624923285823,-5.40806431297266
1,8.40893121203089,9.30464825057359,3.30091193193654,5.9714629434277,-8.23903909523862
1,7.0870937068387,-0.117014044500912,-5.73932177490906,-2.07284209823257,6.6346181047449
1,-0.174873453746166,-0.539133748458271,6.14493393554314,4.40143806688522,-5.02873208490735
1,-3.11629866800542,-6.71036301241757,-4.86717645459721,0.98010117259259,-2.41538693321863
1,-9.9558192010632,3.17372786647403,6.5451241543549,1.1058251188132,9.26912399767718
1,2.89220696216614,7.43703877680541,0.50264749281782,3.69492532827062,6.10622523384279
1,-3.55944656260436,-8.46806427719613,-5.13126691289732,5.87092840314537,-8.49671890783091
1,-2.1799607551512,-3.80044034531446,-9.63942174560666,0.467007923732599,9.79927630841285
1,2.44370492491526,5.43977141074874,-7.78476980380406,-7.99872847229975,-6.23487571475903
1,-6.30991470861619,-9.22703466382925,-7.89985884391367,-1.19900744664447,8.25890739472067
1,1.22263394328306,1.60010773919292,-9.40865517716265,-4.65713995708618,6.41218323845649
1,-1.00522111381619,-5.56691804381141,1.39132571876854,8.96370217419492,4.00267429653918
1,-2.46906529993381,0.723210860390912,-5.04095538593945,1.29765434337423,9.98312332066281
1,6.75547627100904,-7.22677785142098,1.50425685544038,-1.05940169141338,0.570308131995525
1,4.62190763638189,-2.93876913711336,2.23027009972367,0.871805758422774,0.140658014934429
1,-6.83721008365008,-2.8485621092864,-2.30104378475026,-0.91238056943865,-1.24071408259614
1,8.2325616850643,-1.94898283328789,-1.95896780743754,-2.8667913732175,2.95178471397163
1,-9.9615211506753,9.45745645437576,-0.503512348128293,9.86833184285991,7.71088189355512
1,-5.13635047054543,-7.29979169920047,-1.22788692164614,7.63483145556278,-3.08369211779164
1,-7.25858612886328,-4.54554862263073,-2.30297857738039,-5.46252279915259,-4.63807994899889
1,-3.1725381724683,3.4964648018205,-3.51718213817795,-1.69750532003283,6.89638397729236
1,-7.04021695880805,-2.88078659124399,-7.80714713604192,-8.28138718610824,-1.7784267443205
1,-4.37653075002611,8.43658238349028,7.82881424487046,7.28672203314635,6.4123510916138
1,-1.99091587882475,-2.53728155307254,0.676745598490005,-9.27594995987152,-9.47941600034421
1,-0.53228086903337,9.28561955025707,3.68689793241174,-3.70558484048883,3.58169971764955
1,-4.60302362341641,-6.26462786559571,-8.68635461328119,-4.55697070839082,0.805623460329342
1,-8.64043677946179,-0.648516013891856,1.19789792688066,6.2963694415484,-8.03574357154538
1,0.811179265074513,0.545765749971972,9.1161899350534,9.2155177392557,9.44972698736821
1,2.66769271368566,1.47477892516306,2.09327370135086,8.40424838412939,-0.808018037732012
1,3.11894533484347,-2.01675686730766,8.12962628130866,-8.60066915041614,-4.65807641179311
1,-9.4264249523318,0.774528738440392,1.29102322572041,-6.15110093921716,7.58449025545055
1,-7.88274698168995,-5.24605413000007,-4.15585157756962,0.139252682011659,4.80610935170345
1,3.36527009316544,-4.93419048147276,5.75034450649817,0.00342087081535603,-2.70903908937699
1,-7.94859919977511,-8.48746444561436,3.71781107421558,5.36641880954764,-4.16500841466591
1,-8.66818677434274,0.818592326777273,-3.06613048463794,-1.05800257699931,4.38654292879326
1,-0.966266076928433,-0.223227033083633,1.39609340676049,-2.73669740430258,-5.09186328015951
1,-2.70517051459162,9.35776595425582,-5.60426099277421,1.06528485888514,7.97037767320212
1,3.46685832326776,5.72269786308911,4.84833259162478,-4.22260817293855,-7.85111428089253
1,-9.19377319035291,3.87544944996876,0.82494354412643,-2.85809687215112,6.57101828436655
1,-5.49376439227261,-4.30171651494202,-4.51711471705507,-3.57352992371484,-6.28992449179898
1,-4.29629359019172,-5.52526226983695,-2.26018573805618,7.13387763776934,3.67667143709343
1,-3.49463775398767,3.8108366149208,-6.29901848966143,-4.6136065147202,9.59660810817729
1,-9.84132125327888,-5.5681216510699,9.85995208380776,-8.37887086302497,-8.33865895335622
1,1.01765725370126,-8.51204231892389,7.21587763548668,-1.26959712749789,-1.00842796944308
1,-9.73996084482256,-3.34823879718254,8.96440309607692,5.66219813154962,6.62156126424492
1,-3.98873122913139,1.01774946510041,-2.30656554463475,5.53640493079491,8.9682156362948
1,8.19652192093532,-5.99600499173811,3.97959179714298,-5.83904938700664,-6.54699668419579
1,-6.83609519723751,-7.76425204118458,-0.778123090470901,0.831752123542369,-3.11330993889317
1,2.76723875147132,7.3005028487911,-1.38270792466792,-9.25775289986037,-7.08671130327948
1,-0.869201730711804,-0.830599418465303,-9.1388507816169,5.52637159612297,-2.45967181953934
1,8.49872117782163,-9.91497359789162,-4.17181399305368,5.24663423068717,6.70707680391078
1,-1.18610751391437,-5.04124987593039,7.56241359664564,-5.44256392134822,1.15006149170557
1,-5.94698988392569,-9.09703544502763,-9.49511724252534,1.68995353376304,-1.41185588707139
1,9.91314074609665,-4.90405568019281,6.82816669193737,7.06659078635011,-8.67224838647426
1,4.47886913799674,-1.50578972465729,-0.284229833483112,-9.70009803346997,3.80972522029385
1,-7.40659703941367,-7.12744424450373,-1.94060458367941,-0.0390327227628475,-2.984675194169
1,0.564130653662509,8.73954099403761,9.16503938810659,-2.3871948032341,-6.70871895005591
1,-3.87491574027742,-0.750792897100256,0.48753468854127,-0.875581973490698,-5.66379641908991
1,7.63821626391768,7.20357058226514,-8.43064922569445,4.38095753747252,-1.94280412812337
1,-6.78091060775484,6.47365605287691,-5.99063655386404,8.75612261940805,5.40344204683567
1,2.87787201511974,-7.66563944159031,4.81676370367816,-1.7081034021196,1.9892700507889
1,9.15163364306472,-8.18173772836941,4.59241115742932,5.0884256334138,-3.22033039154878
1,8.17657545611499,1.25485944126524,0.604141095688821,-0.463265502590497,1.82971714153391
1,8.00983150597429,-9.38092857190608,-8.14184921836916,-2.0300944851661,-3.54268750747237
1,3.27177723236665,5.79344437939342,-5.32489023716194,1.14711199472674,-0.849334112087728
1,-3.93907543811899,-3.41660399318618,6.33640126811019,8.72378776002364,-3.02074874292184
1,-8.5019362194423,4.37778439807365,-7.39708999866805,3.15316271338139,-4.85566291446933
1,-6.56287316099109,-6.15502881361119,9.47986715331753,8.24180349885777,2.47714891565953
1,7.87186985857145,-3.60774348329979,6.31108081232338,-2.33738473766944,-3.13384146968307
1,4.15818774575074,2.89575566835418,3.43606272067832,1.78117876392137,-1.64192045136738
1,-7.91282217542452,-5.48170323311486,9.96531600303345,-8.41442106846125,-9.16996235107918
1,9.44066955452889,-5.88314086068576,5.97594842063116,-8.53596455866251,5.45270024499015
1,0.197849335838754,-2.97838969552578,-4.34462575029007,6.16414146808785,-4.38273418580343
1,-6.56390009946223,-9.84143235093976,7.08237545400037,9.85488025923328,7.68715669290688
1,-0.407915315443752,4.07436782093093,4.40317512229822,-5.52297487639271,-3.50182347927515
1,-2.01635565384942,-7.73280433771027,7.22182072350797,-6.52397775844615,5.86336313390889
1,-5.72240081091122,-5.33069440254107,-3.39372073138827,-6.61233277561795,3.10382315382734
1,2.65873962887158,-8.76801070932004,-0.619892447994314,2.35334393645748,-8.11754645463194
1,0.521877343229436,-1.09572600926415,4.94394642081409,5.37217878666756,8.68814037280058
1,-4.51765023591309,-4.54823203111612,-1.80633600916758,6.84206091141192,-1.34868750204114
1,6.05544516829814,0.295827829239661,-9.60236117690752,4.0812524806281,2.72644371951441
1,0.776180968925882,3.49166987503584,-3.48036125185706,-4.66578421414041,7.17350113794726
1,-3.21128914145247,-6.11158211249253,-8.05286486544662,9.70492858114334,3.934385906023
1,-6.84373426663934,-3.36125181590015,1.72607090094816,-1.1798338053486,-7.58437898585442
1,-0.0108513430668715,1.27062686531347,6.72296834190021,4.04410440214537,3.16048114605177
1,-6.92073219210945,-5.17506380413551,-9.82566265603895,2.20739046284585,5.63058361864316
1,8.31150261346205,8.30028335185429,7.53848256915513,1.46259812968996,1.01423714616557
1,-0.101575781906106,-9.22176859840028,-7.39882615242932,8.43529499210162,6.52616994787118
1,8.25461620548388,-7.00520774447245,-5.61814592429034,2.65313864793782,1.60853070791018
1,-3.6024812404444,-4.11292198359557,4.63750927087742,-0.375750248571279,-8.43999386337994
1,-0.794900267686476,3.62095104690984,-4.88709839198876,5.25895745254287,7.54692128479044
1,0.427310660370669,-8.19433268972097,9.82790350906158,-5.32670230835281,-6.1661524474668
1,7.96687929419631,7.7211134825077,-9.28611417383486,6.01941370256905,-7.00322194735228
1,-7.46103087344046,8.09319948649317,0.155940298061745,-7.98063526637931,-5.56813842621165
1,-2.02750968230155,2.94936842742569,-8.25162131992268,8.0380011468004,0.87933467876919
1,-8.31259764192046,-2.31911481013382,9.0976034285706,2.49048547082074,-9.39569246802309
1,8.28674325358608,-4.43479193700767,4.81800153295278,2.94142557410941,-6.89130554056157
1,6.33111742929353,-3.12691142032342,-9.00483060444337,-8.89091280322035,-1.4681682370762
1,-1.98874222531597,7.59446593068808,6.23819519691851,-8.9543511420641,7.7349393790208
1,3.3767947073075,0.613521786104485,-4.83303025039992,-6.51168391055629,3.6235723622667
1,0.860774817204657,8.56756371322453,0.199992061405059,-4.75010163570729,4.60401091357673
1,2.23568669799652,-0.00827118862000731,7.8162723723284,-8.84331625992807,1.32453985658831
1,7.04366752582924,-5.79120931733864,-5.24531065714851,2.82057806196884,5.37021904742305
1,9.72957241581171,-8.09067406529286,8.6131501095122,-3.51432196908561,-5.97468080712405
1,-8.38220423094924,3.45039817008931,-9.8996303081136,-5.16401259108346,2.77418602729909
1,1.35779917223635,-4.12434411393435,6.02198537828368,-8.62177070904302,5.29661426460826
1,8.06509943009554,2.67513452187312,-8.72662017059456,2.77700591353741,-5.46553857106823
1,-2.06959077202566,8.61663723857083,-0.948298644684227,-2.97960263803759,-0.793867895599401
1,-4.90746979538817,-9.65218681231459,-1.55634151299308,-2.99009397375986,1.41563113129982
1,-7.37636606743785,-8.91272024863511,-9.69041129290746,-2.52395718390181,-2.0739373637302
1,2.5044094387524,-3.30501834283149,-0.39037718124842,5.63215864060851,0.608511301352594
1,-5.77958581068239,-3.84092762740533,6.94907147424744,-9.21239747576526,5.12084180804368
1,-2.43326646398287,-2.25870935213466,2.0946501266927,2.82459137110876,7.18557325643777
1,-1.97502440534942,-1.11017236171515,-3.9964121959523,-9.57478474447369,-2.62209761654893
1,2.48894660726997,-1.78147888231101,9.48983632115263,1.85542643415563,2.92439446236344
1,9.1053025122627,-8.08757018468936,9.50353542019482,-0.916928536095512,-8.99912688713622
1,9.77144723580594,-3.33729373984678,-4.32474120084174,0.523166185709558,2.12496236304801
1,-4.02131766075071,-7.59281885563285,9.59129133846855,-3.62519420208704,-0.113520986357784
1,-4.70968807726794,-5.84141322276732,-2.07053130463597,4.7595102885164,-1.8414475174396
1,4.40515899662406,1.88974486403198,-2.82455107097989,0.68840531413618,-8.52713462504488
1,3.79198985632162,-9.01188770688726,0.255116988552814,9.0306716747223,-7.04610361734891
1,-4.57288121975759,-4.21354586979153,3.87014866821864,0.941652509657619,-2.55097805065824
1,8.91954289077889,1.96074649541346,9.54359204244815,4.43887254593905,-8.16062053481947
1,6.02750378809546,-4.67124647877843,-4.38546358430018,-9.33566430267384,-9.19524986490272
1,-6.02747871401067,0.412786621953625,-8.13271165961402,2.58498642640172,0.304367454120868
1,-0.0689824862798751,-1.14563449901049,-4.14547088439835,-5.2996379195886,7.48414932970888
1,-8.15408863847242,2.34162204865297,6.4939988041565,-4.27387273623171,-4.25099391287055
1,0.499007558102891,6.88445049907171,6.47325660151708,-6.22472432672715,6.26487075673743
1,1.38822886360674,-4.35456578547744,5.88504343224309,-1.7874651071537,-2.54691498161392
1,-6.37328962362034,7.65819134113868,-2.32720409520737,8.46068225069476,8.18362610526795
1,-8.50844181838916,2.92844146964499,-1.72062980019544,-8.48412114706223,0.751032537360761
1,-6.39840150825688,-1.78162108506,-7.82588849003086,-5.67519677210492,-8.39403979317311
1,-0.243901677809344,5.98953013148799,6.42107931567806,-4.60234430046703,8.86476646056322
1,-8.88133118544469,-1.32755475395104,-3.83761861992707,-4.15626002461754,7.08104727345528
1,-6.51927340454904,3.40323434489689,4.92873310083042,-5.34224317092658,2.53862644192896
1,-6.1178007796243,7.47503633955016,0.421586128373168,-8.03042116329312,6.03029790905187
1,-1.41792300392662,-3.5528586688348,7.7549953646888,-1.93142011929509,9.83113573316055
1,0.72431083967871,-0.58179161144799,-3.23712896538186,7.28080182220104,-7.82815116312159
1,-2.6496758328482,-1.96988154246631,1.09700966394402,6.08502468535425,-0.151677068900945
1,2.90787821825982,-7.67893097939398,-0.364903731639959,-0.534203105772029,9.52434821947819
1,8.64101201046584,-7.91640614942884,0.27460350965136,-5.11090588600311,-8.54389092659514
1,-5.34154590878669,-7.91187213925586,1.12110222198452,-4.41812460438121,9.17193712399996
1,9.80040564883397,7.48338456945348,-5.92887488129865,-4.34367453550817,2.47351126537534
1,-3.32656460708322,7.91094489098494,3.45314635630619,-8.5130065816771,-5.60657034385641
1,1.97009343565526,-3.2020989187901,5.67651501391619,4.36902442905464,-7.93367785088604
1,-2.82159732695815,7.69016264218256,-4.84747045578976,6.07659219923732,5.58735700984645
1,3.60782967607917,8.80890050665537,3.75477686572071,9.01451718578635,3.18059316717898
1,7.0639962412348,5.19166630560098,5.92776492299582,4.22388541908287,-7.24223216971097
1,5.85685056206827,-5.27788828539937,1.63885086966605,-8.48823891956268,-2.27552685637769
