Transition,grid1,grid2,grid3,grid4,grid5,grid6,grid7,grid8,grid9,grid10,grid11,grid12,grid13,grid14,grid15,grid16,grid17,grid18,grid19,grid20,grid21,grid22,grid23,grid24,grid25,grid26,grid27,grid28,grid29,grid30,grid31,grid32,grid33,grid34,grid35,grid36,grid37,grid38,grid39,grid40,grid41,grid42,grid43,grid44,grid45,grid46,grid47,grid48,grid49,grid50,grid51,grid52,grid53,grid54,grid55,grid56,grid57,grid58,grid59,grid60,grid61,grid62,grid63,grid64,grid65,grid66,grid67,grid68,grid69,grid70,grid71,grid72,grid73,grid74,grid75,grid76,grid77,grid78,grid79,grid80,grid81,grid82,grid83,grid84,grid85,grid86,grid87,grid88,grid89,grid90,grid91,grid92,grid93,grid94,grid95,grid96,grid97,grid98,grid99,grid100
BcD,0.139300359427778,0.138864006762437,0.138418817008287,0.137964929927922,0.137502485727718,0.137031625000532,0.136552488669999,0.136065217936433,0.135569954224291,0.135066839131217,0.134556014378623,0.134037621763794,0.13351180311351,0.132978700239135,0.132438454893182,0.131891208727295,0.13133710325165,0.13077627979573,0.130208879470448,0.129635043131594,0.129054911344576,0.128468624350407,0.127876322032938,0.127278143887273,0.12667422898935,0.12606471596666,0.125449742970052,0.124829447646611,0.124203967113565,0.123573437933189,0.122937996088674,0.122297776960932,0.121652915306294,0.121003545235081,0.120349800191008,0.119691812931389,0.119029715508119,0.11836363924939,0.117693714742129,0.117020071815103,0.116342839522691,0.115662146129268,0.114978119094189,0.114290885057347,0.113600569825266,0.112907298357711,0.112211194754799,0.111512382244565,0.110810983170984,0.110107118982407,0.109400910220405,0.108692476508983,0.107981936544165,0.107269408083909,0.106555007938357,0.105838851960374,0.10512105503639,0.104401731077509,0.103680993010873,0.102958952771279,0.102235721293015,0.101511408501926,0.100786123307679,0.100059973596231,0.099333066222478,0.0986055070030831,0.0978774007094771,0.0971488510610166,0.0964199607182987,0.0956908312766244,0.0949615632596051,0.0942322561129073,0.0935030081981325,0.0927739167868282,0.0920450780546264,0.0913165870755095,0.0905885378161997,0.0898610231306728,0.0891341347547946,0.0884079633010804,0.0876825982535783,0.0869581279628771,0.0862346396412398,0.0855122193578653,0.0847909520342798,0.0840709214398612,0.0833522101874988,0.0826348997293917,0.08191907035299,0.0812048011770815,0.0804921701480297,0.0797812540361651,0.0790721284323367,0.078364867744626,0.0776595451952308,0.0769562328175214,0.0762550014532758,0.0755559207500986,0.0748590591590285,0.0741644839323398
GA,0.109887117329073,0.111529821029673,0.113188737488629,0.114863899691384,0.116555338705922,0.118263083645095,0.119987161628777,0.121727597745868,0.123484415016196,0.12525763435233,0.127047274521364,0.128853352106679,0.130675881469752,0.132514874712012,0.134370341636817,0.136242289711564,0.138130724029981,0.140035647274642,0.14195705967974,0.143894958994164,0.145849340444915,0.147820196700905,0.14980751783718,0.151811291299612,0.153831501870094,0.155868131632289,0.157921159937968,0.159990563373988,0.162076315729939,0.164178387966521,0.166296748184668,0.168431361595494,0.170582190491068,0.172749194216086,0.17493232914047,0.177131548632937,0.179346803035577,0.181578039639485,0.183825202661481,0.186088233221964,0.188367069323928,0.190661645833194,0.192971894459877,0.195297743741139,0.197639119025256,0.199995942457037,0.202368132964624,0.204755606247717,0.207158274767239,0.209576047736493,0.212008831113814,0.214456527596773,0.216919036617942,0.219396254342244,0.221888073665931,0.224394384217192,0.226915072358428,0.229450021190206,0.231999110556913,0.234562217054135,0.237139214037761,0.239729971634838,0.242334356756195,0.244952233110828,0.247583461222071,0.250227898445559,0.252885398988981,0.255555813933631,0.258238991257768,0.260934775861768,0.263643009595081,0.266363531284986,0.269096176767135,0.271840778917882,0.274597167688393,0.277365170140514,0.280144610484401,0.282935310117882,0.285737087667545,0.288549759031529,0.291373137424001,0.294207033421298,0.297051255009703,0.299905607634844,0.302769894252669,0.305643915381993,0.308527469158559,0.311420351390609,0.314322355615905,0.317233273160185,0.320152893197006,0.323081002808935,0.326017387050058,0.328961829009755,0.331914109877699,0.334874009010044,0.337841303996749,0.340815770729988,0.343797183473605,0.346785314933571
IB,0.389453886840506,0.388916996156974,0.388352217103453,0.387759802398884,0.387140008292758,0.386493094425239,0.385819323690219,0.385118962101301,0.384392278660734,0.383639545231286,0.382861036411068,0.382057029411273,0.381227803936845,0.380373642070029,0.379494828156801,0.378591648696126,0.377664392232032,0.37671334924844,0.375738812066734,0.374741074745995,0.373720432985887,0.372677184032106,0.37161162658438,0.370524060706918,0.369414787741297,0.368284110221686,0.367132331792379,0.365959757127543,0.364766691853147,0.363553442470982,0.362320316284719,0.361067621327929,0.359795666294015,0.35850476046796,0.357195213659849,0.355867336140082,0.354521438576219,0.353157831971378,0.351776827604131,0.350378736969827,0.348963871723268,0.347532543622692,0.346085064474974,0.344621746082005,0.343142900188176,0.341648838428902,0.340139872280143,0.338616313008841,0.337078471624241,0.335526658830026,0.333961184977216,0.332382360017782,0.33079049345893,0.329185894317988,0.327568871077883,0.32593973164313,0.324298783296319,0.322646332655036,0.320982685629203,0.319308147378786,0.317623022271843,0.315927613842873,0.314222224751454,0.312507156741126,0.310782710598493,0.309049186112534,0.307306882034095,0.305556096035534,0.303797124670519,0.302030263333946,0.300255806221982,0.298474046292202,0.296685275223832,0.294889783378068,0.293087859758484,0.29127979197152,0.289465866187042,0.287646367098977,0.285821577886035,0.283991780172498,0.282157253989112,0.280318277734053,0.278475128134008,0.276628080205356,0.274777407215476,0.27292338064418,0.271066270145297,0.269206343508414,0.267343866620793,0.26547910342948,0.263612315903625,0.261743763997029,0.259873705610939,0.258002396557114,0.256130090521174,0.254257039026273,0.252383491397088,0.250509694724185,0.248635893828745,0.246762331227714
DF,0.0904508269548567,0.0911738286321437,0.0918958351186513,0.0926167624862475,0.093336526722088,0.0940550437348389,0.0947722293610619,0.0954879993717803,0.0962022694792449,0.0969149553439161,0.0976259725816786,0.0983352367713062,0.0990426634621904,0.0997481681823488,0.100451666446726,0.101153073765803,0.10185230565452,0.10254927764154,0.103243905278842,0.103936104151678,0.104625789888877,0.105312878173538,0.105997284754077,0.106678925455681,0.107357716192136,0.10803357297806,0.108706411941529,0.109376149337113,0.110042701559314,0.110705985156409,0.111365916844713,0.112022413523233,0.112675392288748,0.113324770451284,0.113970465549995,0.114612395369446,0.115250477956292,0.115884631636348,0.116514775032043,0.117140827080253,0.117762707050512,0.118380334563573,0.118993629610336,0.119602512571114,0.120206904235235,0.120806725820965,0.121401898995743,0.121992345896719,0.122577989151567,0.123158751899576,0.123734557813002,0.12430533111865,0.124870996619687,0.125431479717674,0.125986706434769,0.126536603436128,0.127081098052449,0.127620118302656,0.128153592916713,0.128681451358523,0.129203623848923,0.129720041388732,0.13023063578184,0.130735339658324,0.131234086497551,0.131726810651274,0.13221344736667,0.132693932809327,0.133168204086133,0.133636199268065,0.134097857412841,0.134553118587424,0.13500192389035,0.135444215473859,0.135879936565812,0.136309031491357,0.136731445694344,0.137147125758449,0.137556019427997,0.13795807562845,0.138353244486557,0.138741477350126,0.139122726807409,0.139496946706079,0.139864092171773,0.140224119626187,0.140576986804699,0.140922652773507,0.141261077946259,0.141592224100155,0.141916054391514,0.142232533370773,0.142541626996921,0.14284330265133,0.143137529150988,0.143424276761109,0.143703517207107,0.143975223685919,0.144239370876672,0.144495934950673
Nat,0.104481684446748,0.102476114489465,0.100501633522384,0.0985579636078512,0.0966448231215986,0.0947619269936284,0.0929089869443154,0.0910857117156545,0.0892918072975809,0.0875269771493061,0.0857909224156163,0.084083342138097,0.0824039334612471,0.0807523918334635,0.0791284112028766,0.0775316842080329,0.0759619023634208,0.0744187562398489,0.0729019356396891,0.071411129767004,0.0699460273925838,0.068506317013926,0.0670916870101911,0.065701825792179,0.0643364219473708,0.0629951643800858,0.0616777424468103,0.060383846086755,0.0591131659477027,0.0578653935072137,0.0566402211892528,0.055437342476313,0.0542564520171054,0.0530972457298932,0.051959420901545,0.050842676282388,0.0497467121769399,0.0486712305306035,0.0476159350124048,0.0465805310938593,0.0455647261240517,0.0445682294010128,0.0435907522394809,0.042632008035132,0.0416917123253657,0.040769582846733,0.0398653395890907,0.0389787048465694,0.0381094032654395,0.03725716188896,0.0364217101992946,0.035602780156578,0.0348001062352164,0.0340134254575021,0.0332424774246253,0.0324870043451617,0.031746751061115,0.0310214650715931,0.0303108965541941,0.0296147983841767,0.0289329261514918,0.0282650381757451,0.0276108955191652,0.0269702619976462,0.026342904189934,0.0257285914450239,0.0251270958878363,0.0245381924232344,0.0239616587384485,0.0233972753039677,0.0228448253729606,0.0223040949792832,0.0217748729341328,0.0212569508214027,0.0207501229917946,0.0202541865557395,0.0197689413751821,0.0192941900542763,0.0188297379290438,0.0183753930560419,0.0179309662000874,0.0174962708210821,0.0170711230599837,0.0166553417239648,0.0162487482708002,0.0158511667925242,0.0154624239983956,0.0150823491972083,0.0147107742789832,0.0143475336960782,0.0139924644437485,0.0136454060401912,0.013306200506106,0.0129746923438023,0.0126507285158823,0.0123341584235301,0.0120248338844322,0.0117226091103581,0.0114273406844262,0.0111388875380784
S1P,0.0637460153073668,0.064123655974185,0.0644987791241649,0.0648713361499619,0.0652412788335873,0.065608559348982,0.0659731302646573,0.0663349445464125,0.0666939555601413,0.0670501170747372,0.0674033832651075,0.0677537087153052,0.0681010484217865,0.0684453577968043,0.0687865926719407,0.0691247093017901,0.0694596643677946,0.0697914149822398,0.0701199186924143,0.0704451334849376,0.0707670177902599,0.0710855304873361,0.0714006309084764,0.0717122788443755,0.0720204345493205,0.0723250587465792,0.0726261126339665,0.0729235578895902,0.0732173566777733,0.073507471655152,0.0737938659769447,0.0740765033033924,0.074355347806363,0.0746303641761182,0.0749015176282369,0.0751687739106904,0.075432099311064,0.0756914606639172,0.0759468253582795,0.0761981613452702,0.0764454371458389,0.0766886218586159,0.0769276851678661,0.0771625973515371,0.0773933292893921,0.0776198524712194,0.0778421390051081,0.0780601616257802,0.0782738937029692,0.0784833092498347,0.0786883829314018,0.0788890900730152,0.0790854066687964,0.0792773093900929,0.0794647755939076,0.0796477833312971,0.0798263113557275,0.0800003391313751,0.0801698468413606,0.0803348153959047,0.0804952264403932,0.0806510623633393,0.080802306304231,0.0809489421612523,0.0810909545988649,0.0812283290552397,0.0813610517495257,0.0814891096889438,0.0816124906756956,0.081731183313674,0.0818451770149644,0.0819544620061263,0.0820590293342435,0.0821588708727317,0.082253979326894,0.0823443482392124,0.0824299719943667,0.0825108458239697,0.0825869658110101,0.082658328893993,0.0827249328707689,0.0827867764020441,0.0828438590145622,0.0828961811039495,0.0829437439372175,0.0829865496549141,0.0830246012729171,0.0830579026838639,0.0830864586582111,0.0831102748449178,0.0831293577717489,0.0831437148451918,0.0831533543499839,0.083158285448246,0.083158518178218,0.0831540634525954,0.0831449330564618,0.083131139644818,0.0831126967397037,0.0830896187269125
AL,0.102680109693672,0.102915576955122,0.10314398063443,0.103365305737749,0.103579538596328,0.103786666851684,0.10398667944097,0.104179566582551,0.104365319761813,0.104543931717207,0.104715396426543,0.104879709093545,0.10503686613467,0.105186865166208,0.105329704991657,0.105465385589389,0.105593908100602,0.10571527481756,0.105829489172133,0.105936555724627,0.106036480152902,0.106129269241782,0.106214930872758,0.106293474013962,0.106364908710432,0.10642924607464,0.106486498277296,0.1065366785384,0.106579801118559,0.106615881310533,0.106644935431029,0.106666980812707,0.106682035796406,0.106690119723578,0.106691252928897,0.106685456733068,0.10667275343579,0.106653166308879,0.106626719589532,0.106593438473723,0.10655334910971,0.106506478591645,0.106452854953278,0.106392507161726,0.106325465111309,0.106251759617432,0.106171422410492,0.106084486129809,0.105990984317561,0.105890951412703,0.105784422744867,0.105671434528218,0.105552023855264,0.10542622869059,0.105294087864528,0.105155641066717,0.105010928839572,0.104859992571626,0.104702874490743,0.104539617657195,0.104370265956574,0.104194864092548,0.104013457579435,0.103826092734592,0.103632816670608,0.103433677287286,0.103228723263415,0.103018004048313,0.102801569853137,0.102579471641955,0.102351761122566,0.102118490737071,0.101879713652174,0.101635483749228,0.101385855613996,0.101130884526148,0.100870626448465,0.100605138015772,0.100334476523575,0.100058699916407,0.099777866775895,0.0994920363085201,0.0992012683330947,0.0989056232679418,0.0986051621177843,0.0982999464603409,0.0979900384326334,0.0976755007170061,0.0973563965268593,0.0970327895921024,0.0967047441443286,0.0963723249017148,0.096035597053655,0.0956946262451278,0.0953494785608081,0.0950002205089268,0.0946469190048851,0.0942896413546335,0.093928455237819,0.0935634286907122
IB to S1P,0.0664313269516971,0.0651901288462002,0.0639666266736771,0.0627607819333969,0.061572546678532,0.0604018638996691,0.0592486679044636,0.0581128846929281,0.0569944323278812,0.0558932213001232,0.0548091548879399,0.0537421295105726,0.0526920350753242,0.0516587553180084,0.0506421681364768,0.0496421459169929,0.0486585558532485,0.0476912602578487,0.0467401168661157,0.0458049791320913,0.044885696516637,0.0439821147675583,0.0430940761916981,0.0422214199189668,0.0413639821582951,0.0405215964455118,0.0396940938831699,0.0388813033723542,0.0380830518365237,0.0372991644374522,0.0365294647833423,0.0357737751292034,0.0350319165695897,0.0343037092238064,0.0335889724137018,0.0328875248341671,0.0321991847164764,0.0315237699846021,0.0308610984046505,0.0302109877275607,0.0295732558252212,0.0289477208201562,0.0283342012089383,0.0277325159794886,0.0271424847224223,0.0265639277366039,0.025996666129073,0.0254405219095047,0.024895318079367,0.0243608787159372,0.0238370290513403,0.0233235955467677,0.0228204059620378,0.022327289420654,0.0218440764705176,0.0213705991404472,0.0209066909926583,0.02045218717135,0.0200069244475466,0.019570741260337,0.0191434777546532,0.0187249758157262,0.0183150791003527,0.017913633065107,0.0175204849916245,0.0171354840090841,0.0167584811140106,0.0163893291875178,0.016027883010106,0.0156739992741296,0.0153275365940411,0.0149883555145195,0.0146563185165864,0.0143312900218077,0.0140131363946797,0.0137017259432913,0.0133969289183535,0.0130986175106838,0.0128066658472288,0.0125209499857073,0.0122413479079521,0.0119677395120253,0.0117000066031812,0.0114380328837458,0.0111817039419809,0.0109309072399973,0.0106855321007792,0.0104454696943795,0.0102106130233442,0.00998085690741944,0.0097560979675948,0.00953623460953286,0.00932116700643361,0.00911079708137952,0.00890502848920558,0.00870376659793643,0.0085069184698307,0.00831439284207109,0.00812610010713663,0.00794195229289208
S1P to BcD,0.115591916243459,0.114037265293173,0.112495877735515,0.110967869979495,0.109453350505431,0.107952419978386,0.106465171366391,0.104991690063145,0.103532054014857,0.102086333850929,0.100654593018157,0.0992368879181547,0.0978332680476859,0.0964437761416303,0.0950684483182807,0.0937073142267002,0.0923603971958643,0.0910277143853244,0.0897092769371356,0.0884050901288019,0.0871151535269965,0.0858394611418296,0.0845780015814361,0.0833307582066757,0.0820977092857334,0.0808788281484305,0.0796740833400545,0.0784834387745315,0.077306853886771,0.0761442837840222,0.0749956793960894,0.0738609876242636,0.0727401514888339,0.0716331102750532,0.0705397996774382,0.0694601519422941,0.0683940960083608,0.0673415576454846,0.0663024595912293,0.0652767216853448,0.0642642610020204,0.0632649919798561,0.062278826549492,0.0613056742588422,0.0603454423958862,0.0593980361089755,0.05846335852462,0.0575413108627251,0.0566317925492526,0.0557347013262868,0.0548499333594902,0.0539773833429382,0.0531169446013266,0.05226850918955,0.0514319679896524,0.0506072108051561,0.0497941264527774,0.0489926028515419,0.048202527109314,0.04742378560676,0.0466562640787645,0.0458998476933248,0.0451544211279477,0.0444198686435786,0.0436960741560911,0.0429829213053697,0.0422802935220195,0.0415880740917374,0.040906146217381,0.0402343930787738,0.0395726978902849,0.038920943956223,0.0382790147240854,0.0376467938357038,0.0370241651763283,0.0364110129216936,0.0358072215831078,0.0352126760506107,0.0346272616342424,0.0340508641034673,0.0334833697247975,0.0329246652976596,0.0323746381885474,0.0318331763635072,0.031300168418996,0.0307755036111586,0.0302590718835656,0.0297507638934545,0.0292504710365184,0.0287580854702812,0.028273500136104,0.0277966087798613,0.0273273059713292,0.0268654871223239,0.0264110485036317,0.0259638872607676,0.0255239014286016,0.0250909899448902,0.0246650526627488,0.0242459903621028
IB to DF,0.136265994712907,0.13492489909378,0.133585527643185,0.132248272176576,0.13091351288477,0.129581618379778,0.128252945753929,0.126927840651563,0.125606637352562,0.124289658867009,0.122977217040268,0.121669612667809,0.120367135619099,0.119070064969906,0.117778669142391,0.116493206052346,0.115213923262999,0.1139410581448,0.112674838040618,0.11141548043582,0.110163193132703,0.108918174428784,0.107680613298464,0.106450689577605,0.105228574150593,0.104014429139445,0.10280840809459,0.101610656186917,0.100421310400752,0.099240499727407,0.0980683453589922,0.0969049608821793,0.0957504524716333,0.0946049190828454,0.0934684526441134,0.0923411382474375,0.0912230543381106,0.0901142729028004,0.0890148596559353,0.0879248742242193,0.0868443703291149,0.0857733959671486,0.0847119935879032,0.0836602002695747,0.0826180478919843,0.0815855633069443,0.0805627685058914,0.0795496807847061,0.0785463129056508,0.0775526732563657,0.0765687660058721,0.0755945912575374,0.074630145198969,0.0736754202488077,0.0727304052003977,0.0717950853623207,0.0708694426957822,0.0699534559488496,0.0690471007875406,0.0681503499237719,0.0672631732401763,0.0663855379118067,0.0655174085247437,0.0646587471916325,0.0638095136641727,0.0629696654425927,0.0621391578821396,0.0613179442966199,0.0605059760590278,0.0597032026993004,0.0589095719992405,0.0581250300846506,0.0573495215147201,0.0565829893687145,0.0558253753300097,0.055076619767521,0.0543366618145751,0.0536054394452734,0.0528828895483961,0.0521689479988984,0.0514635497270477,0.0507666287852533,0.0500781184126382,0.0493979510974053,0.0487260586370469,0.0480623721964487,0.0474068223639388,0.0467593392053312,0.0461198523160128,0.0454882908711245,0.0448645836738836,0.0442486592020966,0.0436404456529096,0.0430398709858431,0.0424468629641585,0.0418613491946012,0.041283257165565,0.0407125142837235,0.0401490479091708,0.0395927853891153
IB to Nat,0.0368000156491843,0.0357608907612951,0.0347481229738786,0.0337611832988792,0.0327995468321383,0.03186269305852,0.0309501061381185,0.0300612751739562,0.0291956944616052,0.028352863721181,0.0275322883121769,0.0267334794316181,0.0259559542960307,0.025199236307725,0.0244628552059047,0.0237463472031168,0.0230492551075597,0.0223711284317717,0.0217115234882198,0.0210700034723093,0.0204461385333301,0.0198395058338542,0.0192496895980921,0.0186762811497102,0.0181188789396033,0.0175770885641114,0.017050522774156,0.0165388014757677,0.0160415517224614,0.0155584076999082,0.0150890107033412,0.0146330091081198,0.0141900583338669,0.01375982080258,0.0133419658911059,0.0129361698783554,0.0125421158876225,0.0121594938243597,0.0117880003097481,0.0114273386103893,0.0110772185644319,0.0107373565044355,0.0104074751772591,0.0100873036612536,0.00977657728102037,0.00947503751999078,0.00918243193106779,0.00889851404555936,0.00862304328062294,0.00835578484542921,0.0080965096462426,0.00784499419060588,0.00760102049080612,0.00736437596678963,0.00713485334868401,0.0069122505790763,0.00669637071518762,0.00648702183107585,0.00628401691999009,0.00608717379699229,0.00589631500195433,0.00571126770303096,0.00553186360070269,0.00535793883247524,0.00518933387831633,0.00502589346690406,0.00486746648275549,0.0047139058742981,0.00456506856294188,0.00442081535320411,0.00428101084393478,0.00414552334068514,0.00401422476925818,0.00388699059047535,0.00376369971618983,0.00364423442657317,0.00352848028869837,0.00341632607643926,0.00330766369170292,0.0032023880870088,0.00310039718942551,0.00300159182587367,0.00290587564980064,0.00281315506923085,0.00272333917619301,0.00263633967752382,0.00255207082704566,0.00247044935911417,0.00239139442352989,0.00231482752180681,0.00224067244478909,0.00216885521160609,0.00209930400995463,0.0020319491376963,0.00196672294575674,0.00190355978231276,0.00184239593825257,0.00178316959389342,0.00172582076694052,0.00167029126167035
DF to BcD,0.16954812522853,0.167262125626668,0.164993290825998,0.1627419200359,0.160508297630276,0.158292693286672,0.156095362138681,0.15391654494093,0.151756468245946,0.149615344592211,0.147493372702721,0.145390737693341,0.1433076112903,0.141244152056142,0.139200505623463,0.137176804935804,0.13517317049504,0.133189710614654,0.131226521678279,0.129283688402909,0.127361284106211,0.125459370977363,0.12357800035088,0.121717212982901,0.119877039329421,0.118057499825992,0.116258605168412,0.114480356593946,0.112722746162669,0.110985757038488,0.109269363769483,0.107573532567166,0.105898221584323,0.104243381191094,0.102608954248982,0.100994876382491,0.0994010762481154,0.0978274758004231,0.096273990554985,0.0947405298479312,0.0932269970919246,0.0917332900283589,0.0902593009756076,0.088804917073163,0.0873700205215223,0.0859544888176886,0.0845581949861724,0.0831810078053903,0.0818227920293719,0.0804834086046975,0.0791627148826019,0.0778605648261896,0.0765768092127201,0.0753112958309301,0.0740638696733684,0.0728343731237334,0.0716226461392056,0.0704285264277805,0.0692518496206121,0.0680924494393888,0.0669501578587634,0.0658248052638729,0.0647162206029844,0.0636242315353122,0.0625486645740543,0.0614893452247015,0.0604460981186795,0.0594187471423834,0.0584071155616729,0.0574110261418947,0.0564303012635079,0.0554647630333829,0.0545142333918552,0.0535785342156103,0.0526574874164826,0.0517509150362505,0.0508586393375115,0.0499804828907236,0.0491162686574973,0.0482658200702264,0.0474289611081446,0.0466055163698942,0.0457953111426968,0.0449981714682112,0.0442139242051675,0.0434423970888642,0.0426834187876145,0.0419368189562287,0.0412024282866172,0.0404800785555996,0.0397696026700026,0.0390708347091316,0.0383836099646945,0.0377077649782616,0.0370431375763393,0.0363895669031355,0.0357468934510958,0.0351149590892836,0.0344936070896795,0.0338826821514739
DF to S1P,0.074704014136647,0.0731879648340574,0.0716967477592812,0.0702301699076378,0.0687880319704574,0.0673701286382431,0.0659762489019542,0.0646061763519841,0.0632596894744314,0.0619365619442814,0.0606365629151399,0.0593594573051791,0.0581050060789807,0.0568729665249802,0.0556630925282388,0.0544751348382894,0.0533088413318254,0.0521639572700198,0.0510402255502836,0.0499373869522895,0.0488551803781099,0.0477933430863319,0.0467516109200343,0.0457297185285259,0.044727399582763,0.0437443869843786,0.0427804130682727,0.0418352097987273,0.0409085089590234,0.0400000423345517,0.0391095418894204,0.0382367399365777,0.0373813693014745,0.0365431634793078,0.0357218567858929,0.0349171845022211,0.0341288830127719,0.0333566899376537,0.0326003442586557,0.0318595864393017,0.0311341585390004,0.030423804321396,0.029728269357025,0.0290473011203918,0.02838064908158,0.0277280647925178,0.0270893019680228,0.0264641165617505,0.0258522668371767,0.0252535134337425,0.0246676194282959,0.0240943503919612,0.0235334744425723,0.0229847622928029,0.022447987294129,0.0219229254767593,0.0214093555856659,0.0209070591128513,0.0204158203259822,0.0199354262935245,0.0194656669065076,0.0190063348970483,0.0185572258537613,0.0181181382341824,0.0176888733743268,0.0172692354955052,0.0168590317085167,0.0164580720153345,0.0160661693084012,0.0156831393676438,0.0153088008553187,0.0149429753087941,0.0145854871313745,0.014236163581267,0.0138948347587915,0.0135613335919284,0.0132354958202987,0.0129171599776668,0.0126061673730544,0.0123023620705507,0.0120055908679003,0.0117157032739511,0.0114325514850366,0.0111559903603693,0.0108858773965151,0.0106220727010196,0.0103644389652521,0.0101128414365309,0.00986714788959339,0.00962722859746741,0.00939295630180356,0.00916420618272066,0.00894085582821782,0.0087227852032025,0.00850987661818246,0.00830201469766721,0.00809908634832247,0.00790098072691913,0.00770758920811618,0.00751880535211545
Nat to BcD,0.0721733440508665,0.0710025353159637,0.0698471698546244,0.0687071649667362,0.0675824339831449,0.0664728864372989,0.0653784282345468,0.0642989618189584,0.0632343863375541,0.0621845978018323,0.0611494892464989,0.060128950885308,0.0591228702639357,0.0581311324098148,0.0571536199788682,0.0561902133990859,0.0552407910109002,0.0543052292043174,0.0533834025527766,0.0524751839437082,0.0515804447057747,0.0506990547327807,0.0498308826042449,0.0489757957026349,0.0481336603272672,0.0473043418048823,0.0464877045969098,0.0456836124034406,0.0448919282639292,0.0441125146546533,0.04334523358296,0.0425899466783315,0.0418465152803082,0.0411148005233075,0.0403946634183805,0.0396859649319511,0.0389885660615839,0.0383023279088298,0.0376271117491985,0.0369627790993118,0.0363091917812884,0.0356662119844168,0.0350337023241709,0.0344115258986245,0.0337995463423226,0.0331976278776668,0.0326056353638728,0.0320234343435595,0.0314508910870271,0.0308878726342846,0.030334246834884,0.0297898823856217,0.0292546488661644,0.0287284167726577,0.0282110575493766,0.0277024436184743,0.0272024484078864,0.0267109463774475,0.026227813043275,0.0257529250004767,0.0252861599442344,0.0248273966893198,0.0243765151880926,0.023933396547035,0.0234979230418725,0.0230699781313314,0.0226494464695818,0.0222362139174152,0.0218301675522029,0.0214311956766827,0.0210391878266169,0.0206540347773692,0.0202756285494407,0.0199038624130081,0.0195386308915064,0.0191798297642947,0.0188273560684449,0.0184811080996913,0.0181409854125782,0.0178068888198413,0.0174787203910585,0.0171563834506034,0.0168397825749349,0.0165288235892552,0.016223413563567,0.0159234608081604,0.0156288748685577,0.0153395665199463,0.0150554477611251,0.0147764318079922,0.0145024330865987,0.0142333672257946,0.0139691510494888,0.0137097025685483,0.0134549409723571,0.013204786620058,0.0129591610314968,0.012717986877889,0.0124811879722286,0.0122486892594581
Nat to S1P,0.0676508875250444,0.0663765326611802,0.065122873411239,0.0638896935790561,0.0626767748012415,0.0614838967464446,0.0603108373095716,0.0591573728009039,0.0580232781300778,0.0569083269848952,0.0558122920049472,0.0547349449500387,0.0536760568634168,0.0526353982298079,0.051612739128283,0.0506078493799742,0.0496204986906744,0.0486504567883595,0.0476974935556774,0.0467613791574556,0.0458418841632838,0.0449387796652334,0.0440518373907812,0.0431808298110064,0.0423255302441388,0.0414857129545337,0.0406611532471572,0.0398516275576666,0.0390569135381722,0.038276790138771,0.0375110376849433,0.0367594379509059,0.0360217742290162,0.0352978313953235,0.0345873959713634,0.0338902561822938,0.0332062020114691,0.032535025251552,0.0318765195522601,0.0312304804648458,0.0305967054834069,0.0299749940831255,0.0293651477555318,0.0287669700408883,0.0281802665577901,0.0276048450300747,0.0270405153111345,0.0264870894057238,0.0259443814893507,0.0254122079253425,0.0248903872796735,0.024378740333639,0.023877090094463,0.0233852618039197,0.0229030829450515,0.0224303832470635,0.0219669946884704,0.0215127514985738,0.0210674901573429,0.0206310493937713,0.0202032701827809,0.019783995740741,0.0193730715196702,0.0189703452001854,0.0185756666832625,0.0181888880808684,0.0178098637055258,0.0174384500588678,0.0170745058192378,0.0167178918283902,0.0163684710773444,0.0160261086914411,0.0156906719146529,0.0153620300931943,0.0150400546584785,0.0147246191094642,0.0144155989944354,0.0141128718922561,0.0138163173931375,0.0135258170789583,0.0132412545031718,0.0129625151703385,0.0126894865153141,0.0124220578821281,0.0121601205025839,0.0119035674746081,0.0116522937403797,0.011406196064266,0.0111651730105906,0.0109291249212588,0.0106979538932648,0.0104715637561026,0.0102498600491026,0.010032749998715,0.00982014249575852,0.00961194807265438,0.00940807888066246,0.0092084486671368,0.00901297275281629,0.00882156800916582
S1P to DF,0.102937549930156,0.101142060712883,0.0993711355135892,0.097624659893343,0.0959025123530157,0.0942045645799069,0.092530681694344,0.0908807224959111,0.0892545397089727,0.0876519802271715,0.0860728853565963,0.0845170910573254,0.0829844281830707,0.0814747227186574,0.0799877960150917,0.0785234650219801,0.0770815425170815,0.0756618373327843,0.0742641545793164,0.0728882958645089,0.0715340595099468,0.0702012407633571,0.0688896320070905,0.0675990229625749,0.0663292008906205,0.0650799507874794,0.0638510555765644,0.0626422962957502,0.0614534522801859,0.0602843013405627,0.0591346199367872,0.0580041833470226,0.0568927658320679,0.0558001407950567,0.054726080936462,0.0536703584044047,0.0526327449402705,0.0516130120196453,0.0506109309885898,0.0496262731952759,0.0486588101170184,0.0477083134827384,0.0467745553908992,0.0458573084229659,0.0449563457524366,0.0440714412495047,0.0432023695814126,0.0423489063085592,0.0415108279764306,0.0406879122034245,0.0398799377646408,0.0390866846717143,0.0383079342487692,0.0375434692045735,0.0367930737009758,0.0360565334177074,0.0353336356136354,0.0346241691845488,0.0339279247175686,0.033244694542263,0.0325742727785606,0.0319164553815434,0.0312710401832112,0.0306378269313026,0.0300166173252602,0.029407215049426,0.0288094258035541,0.0282230573307256,0.0276479194427507,0.027083824043141,0.0265305851477365,0.0259880189030681,0.0254559436025361,0.0249341797004856,0.0244225498242561,0.0239208787842828,0.0234289935823247,0.0229467234178954,0.0224738996929667,0.0220103560150199,0.0215559281985108,0.0211104542648206,0.0206737744407556,0.0202457311556644,0.0198261690372339,0.0194149349060264,0.0190118777688195,0.0186168488108059,0.0182297013867113,0.017850291010886,0.0174784753464237,0.01711411419336,0.0167570694760016,0.0164072052294363,0.0160643875852693,0.0157284847566347,0.0153993670225248,0.0150769067114822,0.0147609781846943,0.0144514578185333
