1,-0.124227147905188,0.324985096818489,-0.283189541577931,0.0459598413353493,0.766350825110188
1,-2.54152337765079,-0.39500010339818,-0.761769172014977,-0.429096498225944,-0.1212766243259
1,0.277208109946094,0.38267150519636,-0.591261822214359,-0.375183165753361,0.0205212809047292
1,-0.195979338194456,0.0845302258071782,1.34349235120925,0.170360920843023,0.319011750744324
1,-0.196212235580873,0.487847974099401,0.176991832982712,0.280571374710436,-0.302581774684483
1,-0.305728245742116,-0.454734411392316,1.51657388393445,0.124897283871105,1.62710879745162
1,-1.12893012104962,0.46423731085358,-0.473684957846369,0.562374937517883,-0.383812527402607
1,0.194246293662934,-0.0137450613326188,-0.876479253653122,-0.0831818874129173,0.415962544852222
1,-0.607065501783747,0.314420881438724,-0.488032346121016,-0.320547090580788,-0.293357472593445
1,-0.828446124613659,-1.25361970534585,1.623038937048,0.166185333174609,-0.731482024286869
1,0.535837120202329,1.35246434873007,0.724611219631693,-2.3608487870135,-0.730481535504572
1,0.109468212465616,-0.692497204669143,-0.0605829361289372,-0.275709269591277,-1.02529813972802
1,-1.12208994053425,-2.66509362895616,1.26403821241354,0.876909345300974,1.17209407691103
1,0.0460415397004069,-0.686911189193717,-1.32808937220965,-1.779020795442,-0.658766071557888
1,-1.2385691623394,1.28118045540015,0.925572782171057,0.529343269824842,1.96352051533315
1,0.638178975384194,1.25310061546532,1.09676724304709,-0.474062163083813,0.729650996437407
1,1.1452211254509,0.945963338794202,0.819722083784827,-0.0144306288598877,0.0623916548396064
1,-0.015918252559929,-0.224152974753389,-0.19601382042992,0.848680843304237,-0.867632632591927
1,0.660963744454504,0.913033996056677,-0.602863257348402,0.674595882598284,0.727384306385716
1,-2.54553066250664,-1.59672536409977,2.26738615962801,-0.259176097824888,0.336467884782492
1,0.0124870063154496,-2.18284780971337,2.5226332895649,0.577372369174925,0.537929763005759
1,-1.01625571632121,-0.504308701619979,-0.049219736920141,-2.3902666470536,0.793992075746998
1,-0.1155691005814,0.444112353202698,-0.569859236126561,-0.0471143753267745,-0.17357322706337
1,-0.776326267865958,0.664386897990935,1.32423376769723,-1.32763487762399,1.22440953097014
1,-1.13982246780548,-1.72479663896971,1.89846062037232,-0.674524189151882,-1.22345904078045
1,0.319776939370917,0.407413956933206,-0.999680228668603,0.165349068158182,-0.601863060154075
1,-0.57145364668836,0.996239915379539,-1.47355447944893,-0.383732644623006,-0.0560124376846399
1,-1.63002003442993,-0.704940078852983,0.414641669556486,-0.333348943002465,0.208881083489858
1,-0.936383121983829,0.802948304024399,2.05138291178108,0.535230501172048,-1.53789541327313
1,-0.278635473477762,-0.322825222215114,-0.282372550736965,0.659667180236099,1.49301578014146
1,-0.0846470625260711,-1.34482170679417,-1.03448435301685,0.818740788750406,0.704941714557455
1,-0.883671607677451,0.0679020971463392,-0.022868653435794,0.489820482597081,0.133520697496481
1,0.511775369865399,-0.02488417552511,-0.198732536371863,-1.92804546252894,-0.13837624699109
1,-0.0726332544712861,1.44082070916607,-0.538711100627635,-0.954754440736526,-0.0249128380930716
1,0.0192517537271436,0.182386678705245,0.567995820528499,-1.00741809108456,0.0382906129082552
1,-0.393422252447404,1.37849321129042,1.60089261260883,-0.851445086898966,-0.850057503802158
1,2.02567459457738,-0.0751567524769142,-0.371613137213215,1.78938518551149,-0.226414606791674
1,0.130295879399037,0.219601775671328,-1.20439593677273,-0.756012315173894,-0.34046612456093
1,-0.602361406537528,1.32292865789354,0.197835415490119,0.156524417509943,0.625675419345725
1,0.933220558785207,-0.46685867283376,0.171523197586226,1.84902553948683,-0.419649280469621
1,1.44543581282114,-0.169914500311704,-0.469628687624921,-0.898069427147863,-0.283775494050781
1,1.7315054081093e-05,1.51570162358118,-2.25028334259656,0.954579611383619,-0.776376984438167
1,2.84673169443739,-0.950396091839732,-0.589266888988698,-0.962314488461491,0.321217249375758
1,-0.385866945847128,0.0740450571631977,-0.713826428795805,1.33133944552407,-2.29558122972237
1,0.15017417720591,-0.513899427376553,-0.225697704176006,2.0231753943922,0.0511278498724643
1,-0.317189684229502,-0.0719199891596315,-1.34965738431218,1.18932124354,0.843349583551575
1,-0.162787074320378,0.428856211473232,-0.41619620701252,0.280433553257325,0.905119298202799
1,0.819386266983277,0.37788891597868,0.956223957754557,-1.8329753707305,-0.333012591174473
1,0.0817036434985833,-0.929068321151684,-0.495141538847585,0.358163203194443,0.490813459793023
1,1.95637113403999,-0.75014540716836,-1.29679765189347,-0.340679697608681,-1.53085251686068
1,0.194537591724883,1.33448059418782,-0.156006417964478,-0.636895748686878,-0.0414390137609669
1,-2.33268026113549,0.0159495034935287,-0.45944537094003,0.831794356161487,-0.772962449484052
1,-0.594360215506533,1.40154096949766,0.268654859605479,0.325260898858575,-1.65046855596222
1,1.09644674555997,0.269649665203471,-0.685849647760576,0.0119850156940441,0.15522763995923
1,-0.195481066257911,-0.966424040166473,1.80465654622831,1.26573856490504,1.66903284589814
1,-1.91550552270729,-0.531620361858494,1.07666171616238,0.589484841790956,-1.11738158993739
1,-0.718595307943935,-0.385254241100527,0.519978202572348,1.35346371259762,-0.382073309460921
1,-2.12896438723534,1.27149903007101,-2.47396514243237,-0.822725347850269,-0.809211424060716
1,2.69908432413036,-0.154603897089502,-1.01451249983491,-1.02202885725243,-0.208352045030043
1,1.45139030358939,0.23131710708521,-0.0219690966566391,-0.49078264146513,0.419244095593219
1,1.15272624096913,0.558737638642026,1.60676651404884,-0.851943436773106,0.456374347518851
1,0.392609324941505,-0.430111280523057,2.37648895931638,-1.95385734024757,1.2357405037529
1,0.799278767780353,-0.198256783225373,-1.53823691641747,0.21954972013985,-0.40138334064604
1,-1.91460319809074,-0.391923567913556,0.438039439484359,-0.608388221565487,0.441070268571317
1,-0.585521251063768,2.0904337411606,0.720574518671926,-1.33911413548196,-0.88395411472359
1,0.059300333328777,-2.51070396593457,0.746254426464626,0.0358546822860016,0.977678471691614
1,-0.591788319165294,1.79852021113067,0.659406711474724,-0.242028607093968,-0.818288301759157
1,-2.43562837260122,-0.349807282531549,-2.00544842744342,1.76761373595003,-1.27344026544717
1,1.8795795223299,0.0500759262557209,-0.55224434863682,-0.069775101590375,-0.128655528938741
1,-0.184074028945786,-0.649477495731706,-0.848611291112489,0.571849914674458,-0.217692560999013
1,0.0195439480810509,-0.503352841593206,-0.734863328661122,1.66929254893775,1.41780023477149
1,-0.575821195576609,0.905910757269887,0.726453158311428,1.17696158321878,0.808975241983585
1,-0.800929452610893,0.89337467418577,0.121310717660811,2.87947579182031,-0.805695117935399
1,-0.306357689842501,0.811351844787176,2.16225307284914,-0.221058773552766,-0.117205014640728
1,1.76386171232705,-0.91294526036253,-1.36670506339695,0.626403579096455,1.14971927144029
1,0.135501986937486,-1.18248021280609,-0.0270352790463219,1.44952761371752,0.796919724861192
1,-0.478364544130393,0.873872858030147,0.603621971975727,-0.702469224517084,0.386005216021197
1,-1.2599085835331,-1.52034316572001,-1.03382209054765,0.539806887817065,-0.85449229043836
1,0.610977990143895,1.07002844687436,-0.0044867851753221,0.548196302352299,0.979891847036895
1,-0.599756645409281,1.84552255608962,-1.25780559193883,-2.57704235744767,-1.07205714369412
1,0.398709580568727,0.0133796132399331,0.34234635703532,-0.56110942476806,-1.64577556659141
1,-1.240332227866,0.575103431576324,1.09028559472445,-2.11406739704442,-0.352368032541404
1,0.500272611236112,-0.403227547489285,0.00715489081341723,-0.0617919400785595,-0.473452438903309
1,-0.466447157633129,0.180764395089091,1.46023427452337,-0.0433898362153329,-0.862940190602518
1,-0.0151552656792122,-1.65914814248657,0.446222386177927,2.70910975978774,0.323891836180242
1,-0.380424256007937,-1.81040006948916,-0.612156464772931,-1.68496018189549,-1.29221852025316
1,-0.413897230340197,-0.124137263966225,2.07717623168579,-0.053148341241278,0.643102185813524
1,0.181120877547095,-0.0275406696242706,-0.0509448930009814,0.515100879762823,-0.360574407582448
1,1.19774874304793,2.68215792304608,0.519849289563561,0.0739593361714713,-1.14017564254985
1,-1.03318907133951,1.9408428580738,0.569650784976853,-1.63448882530421,-0.120068257934745
1,-1.09593601164394,-1.07938786183783,-0.140602905805558,0.149343064032526,-1.5152919894074
1,-1.65591979853617,-0.662326966858645,0.019359520281427,-0.121369069626703,1.10920428896914
1,1.37991549292366,-0.261507366650127,0.395161016865045,-2.40245841385131,-0.839338383691963
1,0.682562650023889,2.40666251204535,1.45175033962904,0.0557660911152983,-0.445189757412985
1,-0.603999968931703,0.0399400209287906,-1.34966374185191,-1.08772944929719,1.8582552354971
1,-0.404024044615191,-2.09055147978017,2.18845810647577,-1.03676167401795,0.744487436372713
1,0.489824022806287,0.0644743592497499,-1.43499711684526,1.6172316270331,0.814729834826143
1,0.685980198984707,2.00167895026082,-0.484863072552851,-0.571279304076481,-3.84992424828977
1,-1.05241286575725,3.45532178278712,-0.637278429183246,0.472479075373198,-1.10803149525475
1,2.2735811691636,0.294179362732548,-1.21561449866012,1.71652354407086,-0.121773900116242
1,0.930739803176327,-0.831735734081948,0.730429985654141,0.648893027799103,-0.2232594546906
1,-1.0992821296833,1.31833236730118,1.33569150181536,-1.85274589625102,-1.09509942931526
1,1.03377431815756,-0.857434982883724,1.09725598326859,-0.32494027831979,1.33544608200908
1,0.854383297831226,1.79813480042709,0.979866586756953,-0.0644156617568155,-0.388971486125314
1,0.467355239780367,-0.93487549513525,0.0336636604362794,-0.244485319838387,0.723017399263176
1,0.113901272588497,-2.64255038972364,-0.982823853315562,0.967412262563801,-0.544088393226503
1,-0.57788809288161,0.861665389544372,1.01004062038412,0.98271963542688,-0.0142479242593487
1,1.82257273512616,-1.33359727200088,0.762742074165003,-0.486952439838002,-2.71873307401666
1,0.397035124062267,-0.181750243169863,-0.398794474230011,0.928121546643182,2.08854351793806
1,-0.501757506356977,-0.456286281094276,-0.242303358495546,-0.669423265242385,-0.67772570648083
1,-1.17807571996414,-0.643130795267317,0.144408533266856,0.0733092647966077,0.419991994332722
1,2.19895332338601,-0.665193931220715,-0.482627049396624,0.0649160675808102,0.893712764019449
1,-0.505327770823491,-0.0204523561644174,0.986289150084469,0.854624091326766,-0.565901058551366
1,0.20815794129883,0.274790092975319,0.0457638626354507,-1.70089386902941,0.306154977442524
1,0.119102397432048,0.41107466328334,-2.2471035353794,-3.36928573029502,0.213242924577444
1,1.29789098500917,0.711485844492534,-0.608525412340169,0.246417863550106,0.0674681307485673
1,0.61623011275286,2.32280979563282,-0.403978516398404,-2.5542864882061,-0.931117417936899
1,-1.46909041552705,-1.51815687222977,1.99494602176781,0.629414092627873,0.547023125974561
1,0.292714199701098,-0.350975803943771,-0.717162694962197,0.0534757959864831,-1.75164185733552
1,-0.0264479623136726,0.0955987297588403,0.769665529882248,0.466862409776148,0.200877424642846
1,0.130400119158014,-0.335963922009475,-1.70890910802122,0.0587399041043925,-1.57794819210171
1,0.460725617083153,0.266104853810125,-0.339363872520159,0.0710114250042307,-2.37115728345005
1,-1.37563626394571,2.82503160062982,1.53881358725879,0.542211673219382,-0.159074986841981
1,-0.924251591163307,-0.5333182079628,0.620682648107782,-0.248340697279488,-0.970364520259004
1,-1.81024943511307,1.12695903214062,1.93228397573548,0.103613888015039,-0.22670410329769
1,-0.464164512359628,3.19199895107251,1.9190865529355,1.36350091518505,-0.519868449359748
1,-0.387148379567414,1.42940234481571,-1.33484242011218,-0.185377436376422,1.44348611018855
1,-0.977264240180346,-1.10106528645994,1.11319408337337,-0.729178611743768,0.126535155086458
1,-1.96420549290386,0.980530668059497,-0.479683944678132,3.10107483328391,0.230769829925901
1,-0.914145144172822,-0.574819783285675,0.32743402873654,0.505670723737885,-0.0910897391216285
1,-0.906528990130121,-1.1233011745313,0.657122977860581,-0.127840837349093,-2.0452204535222
1,-0.491991626875384,1.07446489833727,-1.58726749651054,1.49941418317262,-1.40834838414762
1,-0.0265107424210063,-1.07299882017098,-1.37154013175854,-1.64783351445387,-0.0642638225051972
1,0.235686312479791,-1.00433281000648,-0.573540299770385,-0.404885922699759,1.07101207902192
1,0.791957654063437,-0.710040902842974,0.163772153520613,-0.119605081296296,-0.367127857659135
1,0.862339051086081,0.267709952214041,2.03194243361386,-0.865187710676079,0.995498994793599
1,-1.39753907409585,-0.76916969639383,-0.333507527023753,0.732677776897971,-0.697046508273626
1,-0.671129623790399,-1.83912334095195,-0.650441736973584,-0.689593596947553,-0.694010493064978
1,0.26337721952406,-1.55482224561791,0.351530134801872,-1.09618289667884,-1.20210266135471
1,-0.706075330611077,0.0600296050488611,0.725942901602232,-0.607076175763497,1.15482444048644
1,1.68202362236752,-1.99537832188198,0.431921853825478,-0.775482383155559,0.859319601044717
1,-1.10919157516759,1.80465428888492,-0.2743493875696,-0.918373140099725,0.79696638142177
1,0.29064014713918,-0.124932746371741,1.25935106972389,0.927489653627635,-0.0360033283140281
1,0.539071780590406,0.512343930374457,-0.589241368296489,0.525627520533288,-0.882425199581911
1,0.698722524651713,-0.770339950165992,0.332738656739231,-1.47853369264217,0.193803693775875
1,-2.06274093684139,0.310769714781099,1.53435769475176,0.405707826995561,-0.714374610429116
1,-0.874912862877348,-2.50683696423833,-1.9309732930811,1.54167982029489,-0.395372526036285
1,0.167135295486221,-2.01955619495554,0.0126365054725414,-0.989511681145437,0.910714612210638
1,-0.336869979970185,1.17280192762431,0.666711054364733,-0.474253779999883,1.64804526579828
1,-2.54038746590618,-1.17614286457031,-0.375936826594195,-1.04527320460966,0.229619666781153
1,-0.385031595990415,-0.0249025566116278,-0.20541595294286,-0.675728118633515,-0.890964796954548
1,0.461306233279743,0.105621188144156,1.54762057825378,-2.23255825917697,1.22014376552035
1,-1.98074872679696,-1.04441222070987,0.464109344115373,0.357102981018814,-0.544681834489406
1,-0.64054811113003,0.343590069861612,-1.13557209112478,0.833393575370306,0.367539960180892
1,-1.18104157668799,-1.2265619286531,0.166480511926579,-0.499505998676572,0.334054051496297
1,-0.0856385808352227,0.74150705876686,0.206097631828043,1.32334703237801,0.467157809556935
1,0.489981934103431,-1.21070123482381,0.74714743214882,-0.208922994362402,0.138552061662676
1,-0.294389721564422,-0.279918162884566,-1.96927781250414,-0.612135505998468,0.510712584129657
1,0.858011565492673,0.000805195222667855,-0.0891808487483882,-1.75544955368527,1.14483905291915
1,-0.0291053964458863,-2.20863565356481,-0.120021687036584,1.98591245215013,-1.87797143280706
1,-0.710634260740853,-0.810119223457077,-0.586968008371424,0.0698268091093464,0.662165733111776
1,0.795090185014405,-0.703096827103151,2.10740866209529,-0.681848565782216,-0.192460668824563
1,1.29549697630228,-0.0655934134905686,-2.58720792540015,-0.726763440110398,-0.0715151632251795
1,-0.135199505538196,0.145974039024189,2.11575254731775,0.108374270049922,0.515676318986097
1,-1.40366668648623,2.39487448085911,-0.94159599156997,0.513596869991988,-1.53992462334692
1,-0.226144239836514,-0.584972191710132,0.299267443944262,-0.771983094255664,-1.26957878441212
1,-0.223524656243693,-1.17055593797506,1.69188051104032,-0.46918317506598,0.841330523415724
1,0.0311486113091033,2.32996814009091,1.38655276917789,1.0817964418974,0.697168649108966
1,0.063406249646514,0.151981400801878,1.04212089789804,-0.436461895544887,-0.573075939306781
1,-1.82857418443728,1.04829517244358,0.559434750493629,-0.426640106770499,0.489068157294139
1,-0.651327180932278,-0.373549720887761,0.783297457966148,-2.14665122218939,0.106602573229595
1,-0.0840608132241847,-1.89231407538208,0.110527947496739,-0.540582026949925,-0.0682239962664197
1,0.139647452926391,-0.153973403446166,0.492890081150368,0.751512932123801,1.52467596884804
1,0.73318238998091,2.02451565711486,-0.73982195997294,-0.414046549579507,0.35159814979447
1,0.186067750621877,-3.13130220863962,-0.665071548986145,1.60093068571538,0.47554359580022
1,0.0128427456088042,-0.067429679555698,-0.520495717204834,1.16554410713173,0.517039065669506
1,0.994459544598336,1.64072280810964,-1.87419675413446,0.039188634274621,-0.106326176138839
1,-0.63154303610763,-0.867943756330716,-1.54600776892426,0.306621284600179,0.0772549927913395
1,-0.0693491934537248,0.576718365149024,0.719022222028464,1.49657539079377,0.282537509172677
1,1.21341891522542,-1.13222452382994,-0.368980609606815,1.3290590141156,0.912334371343597
1,0.644809079882488,-0.628265662967756,-0.20098472880334,0.0188277743095153,-0.539242672576525
1,-0.47747050160476,-1.26989118807873,0.35867638455902,0.360607391436179,-1.11920445083526
1,0.82503578763972,2.13208922672392,-0.392318298358163,-0.932998331372953,-1.24767622054026
1,-0.2215092050932,0.261804135001002,2.23245453354771,-1.07473118747968,-1.23460390904517
1,0.645011955269435,-0.819770231768333,-0.98817856731869,0.734912499969098,-0.593262784782521
1,-0.912035259749069,1.13861698587549,0.645497019955647,0.478334695605945,0.654902464930005
1,-2.12264722131337,0.137180394819572,0.155677519266399,0.509855809903809,0.177197792892105
1,1.418877464077,-0.267053855003167,0.445584497008734,-0.575639356512715,0.240294319431829
1,-1.0239367077382,0.559710083691321,-0.458149292893229,-1.42169355136013,0.00607515860297762
1,0.740128268273923,0.677744095694891,1.26821849336701,1.86431929804592,0.353038611835169
1,-0.220826102843677,2.30528011049771,-0.396357976283231,0.693595727030674,-1.21658882076627
1,-0.395380259888411,-0.732374343435299,-0.77426655231409,0.267051342415489,-0.359396446069935
1,-0.395058580981214,1.5354592219969,-0.411632378455966,2.18108274445438,-0.40297331753093
1,1.51964556769232,0.936400882395457,0.183764496908639,0.476967265285862,-1.25768062284872
1,0.292818526215975,-1.29579296443708,-2.36367884460487,-0.0238983058109793,-0.79830379426846
1,1.19556529823517,-0.410873851088336,-1.62558760835322,0.248226486324438,-0.291474499065363
1,0.945786035060777,-1.69377777308384,1.6251589293981,0.264396128622594,-2.19386691744692
1,0.00324574272771342,0.377493494832185,0.369912619381392,0.801980723780757,-1.00169612444562
1,0.0357219846720868,-1.37881877848885,0.181215699412887,0.935357613374124,1.01821359986554
1,-1.18290637261276,-0.652254282582449,0.342843838471863,0.227404002299436,-0.863985241058374
1,-1.40126855372734,0.913559386554225,1.00503812852418,0.853325329625494,0.826557079974339
1,-0.209219351712988,1.07712451600927,-0.555598273875813,-0.0830403381296193,0.00688349613776844
1,0.204161268251047,-0.603255695357275,0.644412926020457,0.308289949409959,-0.359981552842249
1,1.07029757836028,-1.42289026129457,1.20855312281465,-0.493001869125064,-0.358050882090784
1,0.750717583778872,-1.19610164951552,0.048433279730875,-1.3503659880314,-1.53788069559102
1,1.26393320861027,-2.64494620655167,-1.48184308332973,1.8207723121681,0.97610612537613
1,1.6218268281578,1.78787712737339,0.465338661147736,1.7609729720211,0.1271128612978
1,1.12324441816822,-1.07884359990936,0.888544376281851,-0.210960302294235,-0.896268092353326
1,1.05799631045403,-0.354472575068484,1.12762171678262,-0.650137079956895,-0.489352970736277
1,-1.03290217330621,1.34671153788312,-2.30426247716295,-0.231716954181559,-0.887728262881426
1,-0.202700688520144,2.40919079890658,1.0504092646612,-0.955776196898106,0.31521721640148
1,-0.436696295250102,2.15618993743245,-2.04525951197125,-1.20050377643404,-1.95598327657876
1,0.771938912220344,1.89009313805922,-1.45809898839664,-0.795826124261625,-0.368263427065806
1,1.37510217305401,1.37679847483607,2.01657804016277,-0.628250073274264,-0.830902319094899
1,-0.348679806061619,-0.203894988880219,1.07686430067804,-1.26679837376308,-0.886729908814165
1,0.115403204148544,0.722375319281541,1.06666158446215,0.312836355435172,-0.575383695264307
1,0.419719352200915,0.839823762251944,-0.753019720211507,-0.332823344905277,1.06353895631464
1,0.825505522905605,-0.47192990536291,-0.193654604928268,1.14285218700028,-0.477836518586172
1,-1.20303787246379,0.268825889641366,1.07258523891387,-0.378273544850806,-0.105506050882207
1,0.637154959457892,2.1279708765214,3.16368315910837,0.185311261434496,0.206497549085697
1,1.24068962876065,-0.83604636463094,-0.301710233390166,-2.01673036233361,-0.937270961583381
1,-1.04181642196483,1.26855715905749,-0.668076698298587,-0.334690464838153,0.237987935701236
1,-1.85897545608949,2.61261312149461,-1.38087374673112,-0.323050718386077,-0.783798379638241
1,-0.400342530451687,0.374895433026976,0.037469260162698,-0.173514891998392,-0.552117883478465
1,-1.14134347110568,1.68931729868136,-1.08316294371559,1.39503610654187,0.279576586683273
1,2.12457234412218,0.826240964856956,0.543926684871973,0.067681281516535,0.448770377802752
1,0.422707016940081,0.577754022992847,0.475166196579401,0.299409232328399,0.458244532691713
1,1.41447267450521,-0.424884396273963,-0.310724646114002,-1.2104434717884,-0.928165245099891
1,0.296387780434006,0.465499105641124,0.567126283522837,-0.359092831670421,-0.0173213705668152
1,-0.460689444071105,-0.572649401826823,1.6210754848189,0.606800076570495,0.922195347979497
1,-0.93203974403827,0.360145414199611,-3.2250486092928,-2.13469751567155,-0.396098731947828
1,0.225361007727469,-0.556501761791375,0.589047992263908,0.974095649833826,-0.109413749827471
1,-0.161644256018794,0.642392430033376,0.599085277759046,1.21245067840442,0.384745283841129
1,0.779090829694149,-1.4307200000316,2.48588956509398,2.31556127732197,0.389613796326471
1,0.106873887162601,1.21444935600397,-1.50255344697991,-0.728622019818772,-0.510344782988195
1,-0.0486875680973491,0.907639111778628,0.71257435460315,1.42389099709487,2.42271106478613
1,-0.335635226041745,-1.95538070976522,0.223269502494022,-0.19081168585362,-0.991756099537456
1,-1.88791397637665,-1.97389828413086,0.0645932371068543,0.681883841841229,0.972825495120549
1,0.541948875368652,2.35287196897504,0.282912967904184,-0.231607240877114,-0.0341780690073702
1,-0.112079078119791,0.778551388556691,-1.10810886765963,-0.617458388841685,1.39101508281895
1,-0.605876981371599,-0.914730239306194,-0.217327219069084,-2.26716915667357,-0.288258535118997
1,0.698295038856668,0.440032111675676,-1.24241223137353,-1.39280567300059,0.667216508185501
1,1.72906166476486,-0.290415685287122,1.83470973211942,1.7231245696778,1.01861673717613
1,-0.533169753889816,-1.19451722075045,0.928647483375602,-0.558361964266653,-0.053287043643749
1,1.18134122059228,0.66489244791209,1.07812736460916,0.996989441667233,-0.52862960030127
1,0.766689535054966,0.552334329507209,0.6045583887263,-0.0853763299545333,0.17708169010413
1,-0.718169387386103,-2.17630218529865,-0.192130528005983,-0.754904729518653,1.26087577096307
1,0.752999577606048,-0.218304815604913,0.152139933565793,-1.18991444045131,0.203195534033484
1,-0.150847330285092,-0.0949570665498077,0.219837209822373,1.94728467728123,2.13215723005567
1,-1.01356761254958,1.12687635815237,-2.1940120792019,-1.31901009659175,-0.740587161449129
1,0.0974601348873307,1.62074975029428,2.02264406284494,-1.77124851999704,1.95283731734115
1,-0.813188959242008,-0.58700467610042,1.46977810214852,-1.10334396930154,-0.208443619398456
1,-1.99982587875161,1.12865404998428,-2.71771109292356,1.22216734963526,0.982477995313772
1,-0.916109062337233,0.585618966471301,0.231285404002582,0.35272594320129,-0.72253978545379
1,-0.609002122843636,-0.15539966928303,0.281800774138362,0.434548251560358,0.983386453948016
1,-0.198247230570793,0.127973490552492,-2.59917182147103,-0.797396750499953,0.640761419692384
1,0.55413507247742,-0.31236554922288,-0.304476696687347,0.217612584205363,0.556114431211334
1,-1.91811579623838,-1.01010761485836,1.12179214625268,-2.35495345143816,0.501931728024158
1,0.552269627727158,0.721019141054135,-0.131987860664956,-0.32939071358362,-0.10409183408954
1,-1.04114180743338,0.258735564447834,-0.0345865868514207,-1.50658914660104,0.361752689456919
1,-0.817176887898647,1.21346307147221,0.267628715837867,1.63985042210265,0.379430086214087
1,0.586354277275349,0.0730233339842847,0.422696825454725,1.32933782443594,0.29473257770065
1,0.487028949740284,-1.2086970952893,-0.571535578435425,-0.505339667631598,2.02531376638908
1,0.806411422730738,1.40425284080374,-0.509819331378456,1.64994290533635,0.352124964680827
1,0.479941326757358,-1.32251387879334,-0.520080686051801,-1.74579606525942,-1.5723090577341
1,-0.108767960681479,-1.56397819763238,-0.796526501140249,0.133834192294717,-0.513027804630517
1,-0.757562526788718,-1.95883227115046,0.578540438677791,0.138207083685972,0.535743529636511
1,0.233463877302426,0.4721533527451,0.0179365592749378,-0.776962332583837,-1.42421558717654
1,-0.660044813924158,-0.237839774637146,1.72650213069163,0.51711033436283,1.14991862452011
1,0.0650868468028488,0.274954028527938,1.26094664233185,1.22484044892071,1.35033537308907
1,0.165676972394061,-3.04487409500002,0.608483774524292,-0.632787974335001,-0.299936537075393
1,0.871103416051818,-1.93233946098906,0.333318791825751,-0.109075109222158,-0.326046401582532
1,-0.597637673782156,1.25895914558575,0.195464641630444,-1.14220660441216,-0.650472670125943
1,1.45496162877519,-1.81969493170306,0.0702118112042169,1.17303654988586,-1.548676175861
1,1.29392767172435,-0.582377039985895,-0.153096292109531,1.65460888807704,-0.763105288194954
1,1.9750635377937,-1.07627907263625,-1.61944079940915,-0.163786959917438,0.540567669998179
1,0.620074218828831,1.63700077945547,1.54644624014935,-0.0953495565469191,-0.594742440301079
1,0.642285206136547,0.649585634875674,0.464936938250726,-1.18920870443956,1.12175079269492
1,0.412159016366521,0.536228742980798,-1.51995536703994,1.15267934133006,-0.121412189035129
1,1.04261049046765,-0.836404793682925,0.584697559183507,0.503181384509674,-0.958322986234523
1,1.3005954818246,1.45392681900504,-1.02301511446848,-2.04853735369668,-0.825436734123538
1,0.115115619283854,-2.44098806220171,-0.487319852967854,0.24428186600823,0.748141877009313
1,-0.869437804989346,-0.0965513274521945,-0.172359162809407,0.25467099863931,-0.147340496525952
1,0.107966168922042,-0.846352512757172,-0.715968069435983,0.441737532876429,-1.0791605091492
1,-0.176467609387939,1.65728058968958,-0.958768468114403,0.514082972352667,-0.776022686379
1,-0.952795964384468,2.0702395092537,0.759622529982234,0.637410617972235,-1.39796096932829
1,0.919128084931581,1.12264428548023,2.13340751609899,-0.591290621661943,1.01487030276283
1,0.697575004349904,-0.0836100131158514,0.575902056533128,-0.616375279106071,-0.163084124324199
1,0.105496625540631,0.0049585397434117,-0.920060200579345,0.472368258520713,1.86663619259902
1,-0.0739269784590246,0.17870312669661,-0.078259813620249,-0.227189242419825,0.573720143407997
1,-0.0214670994259363,0.129396566685587,-0.833822647713103,-0.717200421967383,0.392128000730181
1,-0.906659859700723,-0.711045680697963,0.566273326917401,0.45434202767486,0.636987564992088
1,-0.213438427786548,-0.817082668106687,-0.716934345386467,1.29395091446439,-0.94451428828915
1,-0.110608713673176,0.154653877381463,-0.0954329409139086,-1.42178771773056,-0.0283537400797068
1,-0.81901680143711,0.789364630056528,-1.31202164264393,-0.161778271390095,-2.5914364481903
1,2.16958226503599,0.580888162427468,-0.361641922633034,-0.576809829851892,0.0501795412556049
1,-0.967298651193434,0.3588021139886,-0.038415246617857,1.51737717696422,0.185791293286075
1,-0.475399149878062,0.197326907530519,-1.04317056462282,0.0170016572286388,-0.215050428991786
1,-1.20820421972386,-1.42931285025288,0.461318469346124,-0.908278197085283,-0.901904805276376
1,-1.01452910522315,-1.4053952515155,-0.657510297878776,-1.81841620282168,1.18189305364465
1,1.23383158535013,-0.4955722295644,0.236406722042449,1.43897218040828,-0.1875747504994
1,-0.219917540543005,0.635921314271368,-0.133645547383096,-0.277037672539229,1.25155533990212
1,0.570572676911336,-0.515435804641735,-0.17811615481877,-1.46305663545838,-1.44590174075355
1,-0.6529271211819,-0.391296904811884,-1.52483323340901,0.814478158896773,0.122042724847972
1,-1.1302246458079,-1.20898833169344,0.410028373949004,1.03977268950055,0.51391496151436
1,1.05809862839689,-0.923218881487551,0.146229033435276,0.376329627911262,0.0137332080237337
1,0.39316855661073,-0.401831692185146,-2.23730578589436,0.149575291143434,-0.092515074011809
1,-0.981502370607575,0.435476707066758,0.420200301900172,1.92592295344546,-0.615568083048689
1,0.99583724738618,0.390180959298524,0.0583884727672328,0.4039923599384,1.54387770240124
1,0.850607933972477,-1.09823580222966,-0.184265082811972,-0.878074924715654,1.24456568279708
1,0.00728333770844503,1.81216271073873,0.560429707299938,-1.5665215198668,-0.691928403665389
1,-0.361452999592474,0.135482522758604,-0.354798439349014,0.282027842088743,-1.99539445707716
1,-0.941351710147545,-1.21424647354766,0.761081882296783,0.644785236893934,1.24875823168029
1,2.15231475151535,-0.780450886174647,-1.25064915408667,1.15072780627451,-0.0330791435625528
1,0.403234164002199,0.827120741444937,-2.14297267378394,0.554807856266684,0.0246003065825665
1,0.131496979503472,2.29192079926677,1.5180769804325,-0.384997403134799,-0.211868202509162
1,-1.32195306046681,0.313483741759297,0.761831327804653,1.58622664637819,-0.236816587455535
1,-0.372305512262528,0.93635529703291,0.14298607136648,-1.93954298235741,-0.519454646768361
1,1.38495767239564,1.00308166820299,-0.833285829394017,1.86635319466089,-1.02763459121515
1,0.140887891039296,-0.19818414602627,-1.20924291892152,-0.588261392950568,0.689791184238294
1,-0.67429128535042,0.134354576993122,0.823234169089689,1.81073839714238,0.986016326021175
1,-1.97832162940102,0.0983002860707372,-1.04388738852945,1.19974693469075,-3.20350081395237
1,-0.644288398646385,0.970438404078306,-2.31388057431811,-1.42313075995222,-1.20854664164207
1,-0.995732837971245,-0.463109263968855,0.538093952280648,1.32019997922178,-0.323964889242056
1,-1.0201668896244,-1.28069792565641,0.0166397722902572,-0.617878589506449,-0.503696258861714
1,-0.419870316437603,-0.801400962155754,-0.896077594535389,-0.590281546542725,-1.38620532849385
1,-0.65627832303383,-0.549330794317631,0.858076050380648,0.901548227680606,-0.784518317186973
1,-1.91353208223908,-0.920747679031346,-1.41199968890347,0.536109744565454,-1.60934519830615
1,-1.67521839190792,-0.400881737158629,0.967262347364408,0.341743737049585,0.0447743434986804
1,-0.0140395822727392,0.291099666752746,-2.2720812708695,0.439045806227317,-1.13613010898306
1,-0.82074538747775,-0.262326568077577,0.397406618352425,-1.15897969672684,-0.699240160667044
1,1.5008111308807,0.174612078962849,-0.690374988848906,0.578414881752288,-0.0350917572648816
1,-0.740349976286709,0.0752098128172063,0.278001089082274,-0.679930741952675,1.62607461632523
1,-0.186876722297631,0.695621042755543,0.63189516219298,-0.294069215383663,1.61066837933344
1,-0.216121113251059,-0.150178962775533,-0.121953742407854,-1.17417609522603,1.05697549482402
1,-0.757320213560883,0.456924202660459,-0.204208125584752,1.70068265130672,-2.57464170953614
1,-0.354092388793601,-0.0658244443034938,2.04732176012451,-0.0534050160637864,-0.579936098219735
1,-1.4383107696735,0.70077389371569,-0.0342950453968403,-0.0152506577623432,-0.487885618766101
1,-0.966927455913878,0.737441701199397,-0.455728062004168,-0.749885408203867,0.22112383154693
1,-1.72101719285865,1.11220087026499,1.63015648045416,0.501732975187766,-1.64179556508661
1,0.689813442823257,-0.922494297405309,0.493206571634103,-0.532511195688646,-1.82381672112608
1,0.605096347445717,0.770156600185481,-0.184637072979687,-1.43684190151759,1.23308328435961
1,-0.739744471069978,-1.98122750808457,-0.428404815984821,-2.22902925250595,-0.572714129822992
1,1.77827497035396,-0.0927914446198599,0.397320391690411,0.886678654773588,2.2275336378841
1,-0.700726852263499,0.236096957453078,-1.68666071335808,-0.995035119494284,-0.92170994522381
1,0.339615036059262,-1.4703381676724,-0.619399039273325,-0.00293125078596232,0.0419687701588218
1,0.0567678527396263,-1.71165896514135,0.122720010139875,0.309142596975392,-0.564218723595169
1,-0.634939947011941,-1.14734271961962,0.240458459238013,1.49065305742664,-1.28211546442213
1,0.653688377533354,-0.402064016397321,-0.713604568912577,1.14422906523183,-0.419081648315349
1,1.65585894803469,0.479933789198388,0.67891670865463,-1.81977689347759,-0.137195190651605
1,-1.73787693901956,-1.14726282654759,-0.363639320173447,1.54833804020475,-0.154352076105628
1,-0.0252785323379217,-0.27825846285671,1.40471857884964,-0.228066189685531,-1.30952034218334
1,2.19967650491276,0.813290235531305,0.912581899222792,0.471665788552362,0.601554172078436
1,-0.854622412018817,-0.784556287107586,0.295991720540019,-1.26350685854539,0.077873020892188
1,-0.906017717990383,0.920190075235822,1.63888232335456,-0.270729426588116,0.792763301180156
1,0.0152016020394835,0.16612056080492,1.05925455093899,0.785715489983099,-0.0987129958954212
1,0.664447971101821,-0.506858839227094,-1.31832732623749,-0.494631625140633,0.536418935224169
1,-0.504496856215447,1.89785030561728,-0.0446846076787691,0.394440799445066,-0.327287818474967
1,-0.355862301798373,-1.6009979117388,-0.675054559015884,-0.954934915205484,0.869876381887797
1,0.280995785944468,-0.282299533031251,0.64201981958095,-1.00030205412653,0.205961314647752
1,-2.57952825713238,1.10095070037724,0.663508826073759,1.11942391427964,-0.453875593735703
1,1.1965668424414,-0.60749620812338,-3.17941292669087,-1.38971682436028,-1.27375099735149
1,-0.386730531181628,1.89029328430031,-0.327197655011876,1.85680042919246,-0.486477612712754
1,0.275034929262957,0.582534454691523,0.650445209017333,0.281482310443477,-0.833121426615024
1,0.31255917141602,-1.50358187674712,1.25615860594816,-1.02003853832487,2.07595241565527
1,-1.5760050785528,-1.18074201370237,-1.44775246842519,0.811353727865712,0.868180296031133
1,1.57105571278013,0.563628994615758,-1.19239304641915,0.651692489962774,0.233376964779941
1,0.701758943795925,-0.171595217337648,1.88278918215443,-0.417178238254973,1.37748835003011
1,-0.448449281082549,1.19378062143919,-0.719662427751806,0.222155537612018,-1.23811450337491
1,-0.607455121037003,-1.39154113344595,-1.55116984624925,0.431272415238527,-0.0881648673046622
1,-0.877236722040769,0.0159491511796653,0.966284196265449,-0.632294933149994,0.896443049504053
1,-0.975796504044616,-0.953593150395404,0.600695047734441,1.05440108173982,-0.04493763661563
1,0.71678577101859,-0.0178483990927989,-0.882286193513896,0.326342304521431,0.238545382611561
1,0.852448896675514,-1.13892077457811,0.515325088477232,-0.397436872337846,-0.00437067497147085
1,-0.729534020645956,-0.904502435220104,2.25211626261805,-1.47506433712888,0.801385640696635
1,-0.391964401787143,1.30531041470828,0.341330881727745,-0.328489448709429,-0.616601893137845
1,-0.525344109183972,2.84718371277912,2.16198666947944,1.25051820998087,-0.0493064421650369
1,1.83904023974054,1.37925221092276,0.606949554584833,-0.717782624268966,0.58696871957728
1,-1.18586029267826,0.049308834479299,1.44241360993895,-0.117245337344521,-0.0636346417142181
1,-1.5890669356282,-1.39024505353048,0.146670580743056,1.273488796465,1.65364783118947
1,0.417052400211625,0.879487290064919,0.746471064872529,-0.166305090119145,0.636978174010289
1,-0.857453300617299,-0.812613331233848,0.661865299378288,-0.941486032559249,0.432067636098815
1,-0.745337988219834,-1.3512047105298,-0.255882498148468,0.623198165463442,1.55962853508314
1,1.2879052279387,-0.625001340089647,-1.45982677439502,-2.11192525739615,-1.46728226001903
1,-0.714464192852557,0.167418678689564,0.990948233009921,-0.512580318508121,-1.07892969750421
1,0.402333481067073,0.438678463373759,-0.931947910986673,1.75882861443502,1.95157008456748
1,0.329058694991347,1.23358480432176,-0.555508882443548,-0.228843903333922,0.298130911144279
1,-0.866009832550431,-0.441829331302154,-0.0936978398405702,-0.176439906749753,1.05879933593734
1,-0.424360124242248,-0.453174944165822,-0.464578823272709,0.0906050653270745,1.00366336867405
1,-0.432083086346905,-0.59529529933416,-0.591458297353922,0.139213360345471,-0.304433303267941
1,1.0081362109107,-0.923213662013247,-0.161828045520755,0.988633730332128,-0.634697802880122
1,-2.19908354557008,1.10568046647052,-0.835531125543716,-0.569708198907484,-0.700225474647889
1,-0.432791663614472,-2.41655898537951,-0.5725264256954,0.280797053786775,1.4501682815702
1,-0.483294338188079,0.207132172396235,1.18438616989263,-1.70352005380238,-0.652304932781983
1,-0.98534166903474,-0.28253733470631,-2.12940614301724,-0.438851393811823,1.27033369195154
1,0.143335597811435,-1.23383415340077,-0.0708239521526221,-0.478503506626237,-0.588482358118175
1,0.115856070602992,0.23892145884162,-1.27694636741031,-0.317457128595112,-0.373248059800711
1,-0.0151347530892621,0.096611008432347,0.633410727896195,-1.19103246837081,1.34493514926318
1,-0.803536472144663,-2.28109024798535,0.744657207121478,-0.222508714273544,-0.377008224381433
1,0.0579322695766768,0.736738842629356,-0.215819614048059,0.263520125907624,0.0307379371457821
1,0.583486398449066,-1.77351025334912,1.58628821342429,0.0186971894722897,-0.497449297272064
1,0.533877770589645,-1.12966361390048,0.00951223788360416,-1.92853161839178,-0.259185012084711
1,0.0790918233554443,0.0299751470944488,-1.34918783191562,0.568020429841065,0.63751284970597
1,0.928225000864001,0.124267874494896,0.801318291074848,0.000305873229112269,0.121234936583548
1,-3.64267178177025,1.03422613305898,0.471742009714719,0.0731207151395672,0.715992816187755
1,-1.33982366053365,0.612581209290703,0.322502411150922,0.854690530303528,-1.92082846717647
1,0.79607043267354,1.34850944412513,-1.31107557839169,-0.385865067022412,-0.356308956938701
1,-0.221525078223961,-0.702170436234946,1.4945735940138,-0.152991638603084,0.780931142453129
1,-0.264209666058013,2.22800967835583,-0.484650521355641,-0.920514675497527,0.655362141832058
1,0.164203845299106,-1.35112050550131,-0.0418180264004107,0.539170630068196,-0.117234848384255
1,-0.348967791551421,-0.740210153988975,-0.366334778583827,-1.52614692665419,-0.216062058111943
1,0.541253218476858,-0.973711481013743,1.79433639318385,-1.01027054452555,-1.58616384764974
1,-0.398186000707255,-1.14188479918319,-0.231850257814878,-0.852058688716892,-0.423243600166307
1,0.39315384052707,0.109853334096985,1.07931308301669,0.427305138248071,1.0626729415718
1,0.24365446341745,-1.89385658181542,1.04007511233376,-1.11656939274344,1.00222469838516
1,0.826721180438645,0.388814711935987,-0.0512580915073497,-0.494167652893739,-0.151460761407306
1,-0.100395188429324,0.381902069674661,-0.0295997676671172,-1.54029751937885,-0.853517960221757
1,1.05218753992946,-0.375972839776072,-2.03770236261317,0.360666481893786,1.06769709422695
1,0.194283833583327,1.82766565412864,0.303947298431146,0.203351549473587,-0.238477183886226
1,-1.69944763976211,1.69777385560741,0.282165000693963,1.81136410425464,1.47244366834819
1,0.881938820998941,0.666523840806376,0.81495569038744,-1.53293448936105,-1.05411653477742
1,1.59034098068187,-2.39577207171248,2.25773506389129,0.0629569880336138,-0.77026884625921
1,-1.03862072802282,1.12597700854103,0.948102378192641,-0.182088164282178,0.546858030942321
1,3.62482707625307,0.17212681289682,1.10560501721791,0.317059796380128,-1.46051821209181
1,0.187066661176995,2.38583203890033,-0.54589075194523,0.61508994888309,1.24753513337115
1,0.837235502074481,-0.534755164546233,-0.547195835066095,-0.411618231208865,-0.446883963725048
1,-1.70209830680174,-0.93335583770732,-0.720690229819424,1.30490197499923,-0.53069722492535
1,0.89232903101121,-0.175699761296197,1.28773636425845,0.576594854064594,-1.0186755791607
1,0.265934644360356,0.663225751535234,1.43774532448483,1.24033868871176,-0.540558095634841
1,0.0796108463239139,0.378096335423891,-0.986758226370229,-0.749202836399862,-0.0210426291962126
1,3.06385670241663,1.1853182492363,1.67950323673405,1.55914115037586,-1.10096245018242
1,0.269603044869077,-0.295827392203331,0.767462863559282,-0.945148057320725,-0.868203743908145
1,0.110620759435567,1.45363330172257,0.188049142920279,1.48661227215201,0.701931765967853
1,-2.46366080833351,-1.15987574321063,-1.83057450899668,-0.313423639258506,0.787773860783958
1,0.0835906337190014,0.156277043020748,0.0825762061559785,-0.0560772665943297,0.143763634760261
1,0.648713938057108,-2.16682045564523,1.5274563158954,0.931156037805593,-0.453709656792642
1,-0.414855833769147,0.465669930948214,-0.139774968762498,0.53432722052223,-0.807588964268942
1,0.288330815800612,-0.469897833299813,0.0897148303317517,0.223773495363935,0.182847290248179
1,0.29976762801409,-0.483795800288004,1.13703067671723,0.190238170284303,-1.16890174007775
1,-0.56189353031363,0.603781847657149,0.414150787142619,-0.219933253034642,-0.523452153016621
1,0.128049995561215,-0.323937324708485,0.0638797121258931,0.615148899375007,0.90113811377518
1,-0.0617953012779715,-0.412102307594268,0.889202998601822,-0.806610302261142,0.356797305155809
1,-0.320338463998302,-0.211322600132015,-0.0691623162416652,1.08556158024293,0.708272482489741
1,0.268189425450352,0.745982226856416,0.754695579027793,0.801105195482512,-1.75343989879617
1,-2.12987085520053,-0.133602023709976,-1.06391555531383,-0.150669398378739,-0.518437450554041
1,-0.556981973650672,0.692958954194107,-0.398867838738351,0.913327659313936,-0.380530557921824
1,-0.143461266184433,-0.558426775827939,-0.199120240311223,-0.143047319217283,0.937130281661904
1,1.50036129187504,-0.422700729323439,0.0706986754248835,0.497319131401749,-1.13746075872179
1,0.250552619759266,1.380560741903,-0.424891320314459,1.86344179335252,-0.99208035826385
1,0.545091170639497,0.393720477695377,0.202835006238589,-1.61998284084235,-1.57707034727142
1,-0.626172689652435,1.05150948387774,-0.350088648681615,0.316174070036649,-0.462866915742032
1,-0.354743952991829,0.278124011839735,0.52315298866975,1.10164389911013,-1.24976254896818
1,-0.409467207846863,0.091072071182442,-0.683212502089054,-1.15612420577501,1.42566683102842
1,1.51889724797652,-1.07586168377467,-0.72058458530607,-1.04622069882715,-1.48950647605631
1,-0.171977337178783,-0.462118284642616,-1.39270669963581,1.27963054482236,0.632646425167307
1,1.04255826458481,-1.39972773236602,0.554393883375789,1.14248654330272,0.724127905431266
1,0.582053285568011,-0.834925154100807,-0.151050457902124,0.647999088580095,0.150588140683081
1,1.05776316079117,0.51841852014736,-0.911000843077796,-0.308686494765292,0.998098283016842
1,-2.20861100046011,-0.74450435257919,-0.905283849162934,-0.848542626950526,0.404322575444453
1,2.42735782813129,0.886287864209746,2.17871070385951,-0.177085410350164,0.704338928657497
1,1.17369161180683,-0.149719802622228,-0.739284788049692,0.64146730035482,-1.65894403592337
1,-0.365706043287091,1.37475326096666,0.0539219147915335,-1.13313790382379,-0.459432254802738
1,-1.56949954874587,0.64867067053548,-0.0453856833288785,0.738195968350698,0.114894944498358
1,-0.482602518452624,0.438248692383539,1.35999477412365,-0.0558170154694472,-0.059354974617345
1,0.13012528979942,0.988023816273247,0.0134603873829245,0.126770406387954,0.229828361158197
1,0.0581163349721492,1.92231402188133,-0.204913048910055,0.45873016893195,0.0942451503543697
1,-0.152589989256496,0.215773353792808,-1.36679153802558,2.88331452783785,-2.25870166946077
1,1.79739179348159,-0.563710645952471,-1.06538068607064,-1.36051898183979,0.129208126948579
1,0.152357569509416,-0.360426729521005,0.66981701808812,2.19930648076286,-0.627705324563883
1,0.521923208454133,-0.621933800237062,0.484038798043146,-0.189275841229613,-0.32741270994928
1,0.202169790456852,-0.0497543313268449,-1.04319573154771,1.04952452749523,1.45723017318681
1,-1.67250101840817,-0.344148414660782,-0.685224513469762,-0.361493529058288,-0.358941684367191
1,-0.0882753918758044,-0.221361609545009,0.235052921564056,0.417683437059719,-0.812378469965355
1,0.620946995114989,-0.685249063978989,0.463392487560862,0.55258311786779,-1.12798841172674
1,0.533626931229824,-0.501166570391957,-1.73720555979799,0.488870745713159,0.188128781286626
1,-0.903043385319629,-1.79676571146754,1.21296817439392,-1.26878200718895,-0.511669546593953
1,0.135306915273043,-0.20391764079279,-1.16785178476295,2.28550458637218,-0.0685158472769547
1,0.15036860105754,-1.40013353549018,-0.923621996890664,0.121813977239205,0.985528218878642
1,0.291670155610878,-0.458293572576709,-0.356993596391454,0.412158437341881,-0.234446467318523
1,0.0915423964045972,0.136800084368249,1.85574497459045,-0.00624033730789708,-0.189055475493387
1,0.412973449912736,-1.40637354546721,-0.196754921689287,-0.222925927848855,-1.7041056871154
1,0.512055421911043,-0.743331836785285,0.793423795290783,-0.378405231236018,-0.915663294760306
1,1.590297549534,-0.363765906313477,-1.14167941114563,-0.730709286767944,-0.5600845564767
1,-0.381060878852711,-0.572730848976676,1.26121061634584,0.8405888735471,-1.2927001470689
1,0.924821684804568,0.181958409132346,-0.589175988394068,0.375388584662297,-2.74471699907825
1,-0.17897878676102,0.871872888222454,1.61621369408053,1.40942814997444,-0.634971981386143
1,0.564111213346489,0.423203773055137,1.06710547468446,0.171891358532923,1.07285775447766
1,-0.331393694444134,-0.580077285749728,-0.251405463973529,-0.320496899805409,-0.821402066522074
1,-1.39075768839803,-0.937602535804708,0.216091599895705,-0.239746712182176,0.301821626693289
1,0.712730149627306,0.133295367033454,1.40667727251252,0.00416514861449715,0.045256113925485
1,-0.232083605824796,-0.664630045250263,-1.75526467611658,-0.103313942090051,-1.35092177581094
1,0.13223071248088,-0.923756257252674,-0.564441860316172,0.459104494935185,-1.08603365591472
1,-0.904012238465861,-1.08726178800988,-0.296084708698328,-0.878313167392602,-1.21233690086528
1,-0.749997948946718,0.946890036905142,1.1651247263315,-1.66900967009978,0.894799586994624
1,-1.07323215792209,0.383948211685194,-2.61153721331159,-0.184454802390119,-0.0693691681164532
1,1.80035452247371,-1.68458675452469,0.585884586395082,-0.940095126894834,0.464775730737557
1,1.55880754877216,0.201358219548806,0.525441602667174,0.807321751206476,-1.15259598614027
1,2.03304537357516,-0.785958480404367,0.98086532161585,-1.07190117063968,-0.552563109853533
1,-0.233182473249184,-1.35197142500961,0.221477427941579,-0.210501902235858,0.220012621408014
1,1.01298291835505,-1.15456014433083,1.56472831955519,0.367727473052274,0.185101136466185
1,-0.32361100635057,-1.52233555776193,1.97144084001176,-0.157801326432429,0.759801143507493
1,1.0034559262129,0.91684252114345,0.0193241675383012,0.0211765953780759,-3.09838623460668
1,-0.171734727801323,-0.509213326538085,1.16602060338531,-0.961667698950544,0.951496917331401
1,0.978009088274293,1.27123912674714,-0.246132548369672,0.62062403640876,2.32820016521587
1,-0.976025990207048,-1.16489190504434,0.39022215994202,-0.958605287972702,1.03072312521113
1,0.85950027469881,-1.91465044420407,0.679435135982659,-2.64497516144383e-05,2.15168895592503
1,-1.3836617496954,-0.240723561507124,0.603421477451045,-1.73751485452821,-0.841568129025592
1,1.34643967678036,0.290854997904092,1.11505292367248,-0.556901895235763,0.0566624488776758
1,-0.298344795369427,0.0592535006299677,0.97500341298878,0.558765925021252,-2.22391002893053
1,-2.07947603716694,1.34598833226942,-1.86516033536467,0.695698550946015,1.35433933904259
1,-1.09574420410415,-0.135615713193503,0.153427560700703,0.991579227311247,-1.26102049940881
1,0.22994292548624,0.300930743419296,0.660311230960461,-0.904856594501429,-1.63125225467465
1,-0.141875462797358,-1.84376347876157,0.668285662436172,-1.63010845271684,-1.45855354698268
1,-0.600486182845103,0.480050331991741,1.73187807317362,-1.21024472365119,0.399217707065107
1,-0.603233021084364,1.34665293295062,-1.49736356436579,-0.906300359764493,-0.860089524203775
1,0.322427555578545,0.983320645413727,0.0690316642041587,-0.654045159458667,-0.571960328474288
1,0.503198466330431,-0.44908536311905,1.56045339842988,1.0970616041144,0.251787989264478
1,-0.793645809199748,-0.0798761625616191,0.465705916244784,-0.385123011213383,-0.0549825215634027
1,1.04627382634753,0.509816048407918,-0.626875281059207,-0.0227688448062294,-0.16350957392145
1,-1.18931659208325,-1.24532476355814,1.80455627653707,-0.216189419231847,-0.384304840943902
1,-0.639244809506893,1.36018521718635,0.514806547185172,1.04637208555367,0.777095469500205
1,-2.1731545772438,0.653794396421981,0.0233720183104767,1.97494363296209,0.444215875170536
1,0.0265708372681817,0.0224239833880181,0.0677437757941168,-2.67611398463534,1.2848708624675
1,0.805310800581118,-0.667397964351495,-0.101153322061684,-0.0606552935568582,-0.863160277459059
1,0.579715178668172,0.508918542529597,0.66458371491915,1.87266963211232,0.860073154650976
1,-0.0857729280349694,1.44487297191484,0.245943128148474,0.6242952145468,-0.597113385950179
1,-0.962263385981559,-0.00563937714904907,0.582004299502654,0.238882016533129,-0.384826821532084
1,-0.0192773944339582,1.17767986182892,-0.0129359741565412,0.857708285704405,-0.352528147734443
1,-0.43703880207788,-0.740107954077697,-1.64119123300429,1.98278243819731,-1.88542075348511
1,-0.216272425300275,-0.375937007714309,-1.2436199836658,-1.38638494085107,0.493935167076999
1,-0.346748094324171,0.783927742162716,-1.21779475391178,-0.0220585061540769,0.473629309892161
1,2.31312052648438,-0.528426187975046,1.5972089250213,2.808971192345,-0.423299997982695
1,-0.308089844174939,0.0196103270887833,-0.236243784147008,-0.352153646197283,0.267377417678521
1,-0.808486918252091,0.150899937380352,0.437248408221286,0.0107404159191166,0.0270692309805601
1,0.834183848494532,0.239286142699425,0.291822332541497,-0.649085743372058,0.604998643259018
1,1.0287922685227,-0.172930202836754,1.99939823568213,0.84099574916856,0.245375922698475
1,0.816266209552932,-1.83278642660321,-1.02091520693291,0.00279016618062241,2.05386479101871
1,0.176899429401664,-0.46703735021929,0.253989181495257,1.67813126242569,-1.02706729747515
1,-0.521567295093881,-0.639745465015039,2.30543833520554,0.0816866339751164,-0.281595734744856
1,-0.367261209230349,0.708138320066168,1.39431150824331,-0.196937333977945,0.400925030535871
1,-0.101535469221341,1.04372590896168,-0.730573453149613,-0.220870978466296,-0.173118216930612
1,-0.779481088316277,-0.993941206167978,-1.54704724424872,0.103518261410385,1.76602284279773
1,-0.401013503502337,0.351191433158662,-0.950791269069203,-0.0177768884168716,0.748013816452017
1,-1.70123685835048,0.914122313521214,0.970681505307542,0.232563636367034,0.391915018499666
1,-1.16762189967381,-0.248802809523513,-0.322010166245035,-0.617452440994264,-0.444259706234134
1,1.1017520365588,-1.48382291511833,-0.764620036830115,0.639058777972284,-0.160617065545982
1,-0.954225709792654,1.11048182131422,0.15080158760069,-0.32446069943415,0.00373380708864929
1,-0.139404029567429,-1.1897053135707,0.924609130044898,1.91229006378556,-1.32588859625374
1,0.288443078288584,0.234413044158408,-0.667729955699234,-0.451405342365409,-0.953036685685104
1,0.994623824813427,-1.2999741417052,-0.344010531527789,0.222118937967255,-1.14020333185269
1,-0.50370031777054,0.173644357832148,0.419305107481314,-0.450236726952096,-0.796047222856596
1,-0.740911032879438,-0.551985031145884,-0.205011863059441,-0.376527149340239,-0.201685802475712
1,1.49350567687096,-0.541249472441382,0.798882905132889,0.174350251751145,-1.26800127848761
1,-0.182128735428626,2.22036864439535,-0.867822368930129,0.790123955262795,-0.0413281042495923
1,-0.744392325821913,1.17715293429418,0.217489809374594,-0.404064986009758,-0.813453462017552
1,-0.636758788886276,0.228621901427028,0.14298003127299,-1.95365264992079,0.899028515759504
1,-0.261791863699814,0.775390686323039,0.45812975005412,-1.07552125949804,0.772630848678027
1,-1.15778313873753,0.891162847174914,1.38010866496531,0.643433918138961,-0.157833146667254
1,-0.271568387726556,0.125370441501946,-0.0609392584716969,-0.845980612205755,-1.48343257510473
1,-0.506314292937949,-0.673000793555384,-1.31945477387533,-0.555313498182216,0.774270800980943
1,0.598397069128445,-0.120208932728675,-0.428144247772201,0.658180201454117,0.138569447535653
1,-0.12064299049566,0.695713134679111,0.515355740766507,-0.535515120409932,0.693624318928091
1,0.680158388955888,0.847296360178877,0.561040983558523,-1.10531522630813,0.386908430064421
1,-0.55271133515257,-0.859582637321918,1.49027232876502,-1.90794495314734,-0.579571434268667
1,-0.367684049429824,1.10455965789711,0.0933546331163005,-0.352920273920318,-0.948172671052545
1,1.44290753063335,0.361902834993922,-0.538442012174019,0.039323395147147,-0.179498846895313
1,0.775275003267522,-0.754436126812691,-1.10628370214121,0.765438341810935,0.258812138255974
1,0.344804175213736,-1.60668342552039,1.0538348770261,0.773072165452547,0.905042369147779
1,0.353977164458439,0.33921837881607,-0.161905947925021,-0.0380945007533909,0.412926692224573
1,-1.39125352822465,-0.29515921273265,-1.13910358344795,-0.378711184981766,-0.860693673515605
1,-2.04076762559687,1.64295399055288,-1.16622203593084,0.635053667565243,-1.68580449304372
1,0.701215731883622,-1.06924016360398,-0.488446787694874,-0.62617383418477,-0.437146392267197
1,-1.25783757208441,-1.64892031039206,0.311600177996283,-1.26995228775304,2.72831907034972
1,-1.2327578086977,-0.907945075580882,-1.61299873768364,-0.143171619446317,-0.830250771696395
1,0.997306891885002,-0.411795345289118,0.0684760543508846,0.321232555961644,-1.59695089843485
1,1.61442590213518,-1.68736354140448,0.494947863806184,1.38401084354575,0.841389457016742
1,1.56228317042448,-0.35600582989503,0.955849614155849,0.370524263971441,1.12730834406382
1,0.183771658075566,-0.830404103576461,-1.42013281966478,0.426583584784061,-0.842583729024942
1,-0.12089019865021,2.252937711743,0.35515471726477,-0.178960810192118,0.396567219522088
1,-0.117185334656535,-0.818504262945676,-0.180110885964972,0.0499961840587771,-2.54161088140174
1,-0.545735283871259,0.507848184580533,0.920607699508165,0.16330039253852,-1.10149795206734
1,1.25955068967225,-1.31509503295246,-0.51559551063411,0.475585716588395,0.95100780381091
1,0.487654033740915,0.095475744470125,0.468075589367847,0.605172113750547,0.765106504351226
1,1.91370385269939,0.139241126644471,1.04145725020557,0.425472137212812,1.03235854980408
1,-1.18618877777278,0.132298070976659,0.174124935632886,-1.09511289329453,1.76528105386467
1,0.432141530393444,2.39346723732427,-0.361352311993717,1.05735942873251,-0.335206405294199
1,0.672215607849043,-0.24854317562647,0.277882461555201,0.542534455651596,-1.24835087011307
1,-0.365262529856142,0.292689474284486,-2.11973024286486,0.216417276014677,2.11461692943918
1,0.443300943278162,0.570867191350703,0.839979663608751,0.78957768187134,-1.06120448911962
1,-0.990327114030493,-1.108488780692,-0.451311466687783,-0.814080138766408,0.373801418644449
1,-0.405257823457197,0.0342778876371106,-0.384890280467046,0.0933513864941896,-0.150382360298885
1,-0.73248405024917,0.955768586217286,-0.712697743475417,2.72990112040474,-1.04807996268335
1,0.850562221808008,1.31270340654927,0.246535795227264,1.50157138747072,0.521897536974563
1,-0.555270496275668,1.2503791650811,0.124008481136197,-2.02049583350562,-0.629602009866502
1,-0.185202086718287,-0.522841334810131,0.381769048501811,0.481428552728339,-0.0477164693271318
1,-0.290969062353472,1.3543166483176,-0.147891971049654,-1.5890557149766,0.27896174365795
1,-1.34314921583217,1.31750469298688,1.33084862206023,-0.0265531859923696,-0.126068058325923
1,1.1781485473877,-0.31864138744862,0.870265211505945,-0.56749493483396,1.34386769573696
1,1.05133708348262,0.09134935233765,-0.764612442429012,-0.00949954065809702,0.461849257942226
1,-0.421320042127234,0.156822847716006,-0.222855998966312,0.0951555896871889,-0.743399281133177
1,1.74542808113536,1.25802647277626,-0.570722002006388,0.07931328132561,0.209202480082727
1,0.789382479546506,-0.0940887307427336,-1.25822630548293,-1.80095628801513,0.25855664076433
1,1.73209481249236,-0.519103256274565,0.146394412167925,-0.742324076427447,1.19529605830425
1,-0.0901330025074855,-1.47936802066548,-0.321217617000472,-0.233741717389582,0.439697998844471
1,-1.89470649161285,0.695818081612581,-0.0165082107149721,3.01293308042847,0.330164764794538
1,-1.52604306160191,0.54908856499214,0.434753746308049,-1.61485301056172,0.887140330742048
1,0.406437699633526,-1.09203963536582,0.834300248143176,-0.33900102471113,-1.65147419572662
1,0.495778096539451,0.86535448938642,0.506899265400945,0.0821416532339962,-0.577878316789985
1,-0.396841564940902,-1.61502871334931,0.280774441657159,-1.54841362845179,-0.082276864143344
1,0.123138848309126,1.1519041173278,-0.940456292446721,1.41363368044948,0.749275515534695
1,0.146587875131078,-1.8374686029512,0.71095534185282,2.49481337719183,0.796902936365939
1,1.26040047777591,0.161306863239286,0.745157520240458,-0.858338969966491,0.603816007646006
1,-2.35360457040794,0.0542432458705237,1.39119670446648,0.653191520029841,0.57827506615536
1,-1.72990299237119,-0.540046730568391,-1.23914285922386,-0.141958412933894,-2.10522553320278
1,-0.177032932220903,0.67870077532218,1.11669573483635,1.47784013134329,-1.35625471908484
1,-1.11213011386941,0.569654241019401,-1.46045517340881,-0.315316339025731,-0.909077580071908
1,1.32375434343721,1.23194101459562,0.568562781230459,0.70018073343853,-0.410572214651438
1,-0.543733902807599,-0.0167408085656936,0.223709333948863,0.000943446071883054,-0.38869989446256
1,0.126789375281878,0.0496236073493095,-0.133775898676858,-0.822714549646026,-0.240155136792559
1,-0.154869329375214,0.422699252776154,-0.553963070580529,-0.243330607462146,1.32281328549473
1,0.617490259582231,0.670871232955819,0.521893812777437,-0.120423367817893,-1.20375542633289
1,-0.709859714304214,-0.475235735248535,-0.541837453221,0.0672534128716206,0.705099556397585
1,-0.520280207567061,0.891860601705457,-0.0247839948388157,-0.107724307247817,0.287988939449656
1,-0.0611374484506556,0.168818810974398,-0.0532674420985042,-0.694546140538352,1.28412640210666
1,-0.768989799326359,-0.592493612050324,1.22947721593115,0.898686972402735,-1.58336985650814
1,0.551655908457274,0.419010878250691,-0.622114066820238,0.199532329758983,-0.527702880635375
1,0.103212053085014,0.788572309860088,1.19596703846955,0.330597499117876,0.357359349284719
1,0.617706635437226,-0.0739989232165594,0.450715425836674,-0.104805556437453,-1.15029895956303
1,-0.132442926871052,1.51522386222144,-0.154934425028514,0.700653898433307,0.0184464012993236
1,-1.03722560908073,0.144716794580442,-0.570096596148315,2.57944429533664,-1.57817010101487
1,-1.03942782699823,2.05315814607265,-0.765937009884322,-0.328807336933209,-0.54958383976736
1,-0.955347373144923,0.859369785847239,1.3790028185591,-2.24337585839762,2.49979685319608
1,1.03670333875567,-0.244123126417047,0.686045840842504,-0.406077125168554,1.77414702266964
1,1.13679999851445,-0.355352865420197,1.75744518110243,-0.311642244208701,0.487974326610889
1,-0.606295930916462,-0.323045502182921,0.564477190237825,-0.171794268084785,-0.113744729938809
1,-0.193441831400708,-0.627444707301532,0.87508250258706,0.458409156257473,-0.202734129035214
1,-0.892155120825875,-1.22709569711674,1.9287912836475,1.54155881009472,-0.696506916567245
1,0.391286702615577,-1.39166382410185,-0.698932222140915,-3.32589467066396,-0.155383697228136
1,0.186965836359754,-0.153865472273351,-0.631894805898549,-0.208584714766776,-0.0225416995315528
1,-0.575813193730618,-0.605732112136027,0.80876790207508,-0.254263810673491,-0.435416387056727
1,-0.0537673592716865,1.21766056815778,2.11744708297379,0.364024247522992,-0.624359462591593
1,0.718311689486459,1.93211618505599,0.112284680842338,0.240007361535531,-0.228336955043682
1,-0.233450568367235,-0.584793437710451,-1.03405659215015,2.22482055347903,-1.12921507336104
1,0.106984133138704,0.564391614162169,-0.0686239834487483,0.188529483982148,-0.0488873136762071
1,-0.949466756678477,-0.350840849071259,-0.307102817558008,-0.688971931772864,-0.758874413594797
1,1.03924105235094,1.00819601508105,0.0280481255695899,-0.130979608571133,-0.0143620323875048
1,-0.456453958615663,-0.139525587502839,1.79918015962314,-1.35541826323482,-0.118349456176612
1,-0.0196643314241957,0.903245473198903,0.316984713273998,-0.267262286071037,-0.25305203913514
1,-0.0899211233921492,0.308416641536917,-1.67296742345864,-0.723596350247562,-1.61651156125278
1,2.11804296072277,-2.71173669534891,-0.0121736466509513,-0.62888673206732,-0.676266644140619
1,-0.836098526854971,-1.43154797796046,0.0753477561265699,0.921192562036176,1.2152477501986
1,-0.111064674406126,-0.156729943316769,-0.120935974524017,0.396516850294477,0.345585435385352
1,0.68283144349007,0.332523663610549,1.51314130281899,0.610978941798358,0.323690432917279
1,-0.916531500651087,0.0258876502866748,-0.539727167892656,-0.819332554890377,0.556862959786509
1,-0.0760609540492229,1.2349392933566,-1.17024399398621,-0.63073846723206,-0.156667738466444
1,0.0849721540381647,-1.90821998720947,-0.715170095405254,1.56977824609633,1.48448835200934
1,-0.271413653617445,-0.736893514807313,0.605416856722281,0.697677155378033,-2.79050698760661
1,-0.368797248307465,-0.355782619824383,0.131598543314972,0.924953694050481,-0.374578587761978
1,-1.10260611234436,0.78772754539557,-0.447889010727681,1.95649995491307,-0.309623538239637
1,2.80201001735278,-0.920309376578768,0.808568951696772,1.79690621080085,0.976167240805363
1,0.0402719096661245,-0.0834227420722894,-0.722524784436647,0.625824341013369,0.568078280515331
1,0.20513657070506,-1.01336511907836,-1.78049749125177,-0.860508676138622,-1.58386460911692
1,0.0921281836280087,0.142720138447436,-0.791261168170596,-0.700707391770227,-1.48287015868188
1,-0.659838749589608,0.352713202594524,-1.35745312013226,0.613207750545477,1.23737262853251
1,-0.107269462548447,-0.173066596931351,-1.75420117704529,-0.389448252275719,-0.937342022948714
1,0.408589053584792,0.327007277872569,-1.35819680418171,-1.47800597265131,-0.405669019805049
1,1.13422149952883,-1.33308240380561,1.86950530881314,-0.722157418595216,1.72277227503673
1,1.60667682647647,-0.168978163491945,-0.158793722977735,0.608028784660772,0.648558557927463
1,-1.29093875303051,-0.0874969343732569,0.548926305997523,-0.116636190901866,2.49436267243466
1,-0.435804412266248,-0.398937324545161,1.26758939541878,-0.224522325894254,2.13668066750049
1,-1.04739296507852,-0.490261184388372,0.171493405983016,0.447168314482321,-0.527440509579443
1,1.03343761660113,-0.938839533849569,0.6397612548199,-1.58004863532561,1.27388947479635
1,0.386400755816338,1.35622387582386,-1.09757674499089,1.95085266082546,-2.05492630890693
1,0.957993231010879,-0.77977256810715,1.08754005518436,0.0528212559656142,1.19480682034624
1,-0.270644166699938,0.447032612254257,-1.50016050233803,0.385475725130284,0.824623190991318
1,-1.03898570524375,0.994593011202723,-0.320565317518064,0.930523220012597,-1.3043207410031
1,-0.347814312162368,-0.888697081542964,-0.342620124333225,1.95648934669239,0.324039572099354
1,-0.776845264629856,-0.780477957824243,0.0795597572441662,-0.126644957179355,-1.19238245018969
1,0.0577993671563234,0.269490313021666,0.260735049374355,1.15541171745704,0.162843633460926
1,1.00992981408675,0.563545848470505,-0.120789864416655,-0.0564622958137193,-1.42405226093207
1,1.26265695943972,-0.599898839751088,0.0599084574362611,-1.01439261238069,-0.263331150069008
1,-0.288388854971627,0.725419660119932,-0.126388860529521,-0.0675016226170549,-1.47958783732959
1,-0.994419515678017,3.02378685118757,0.764169315190324,-0.567414339571815,0.0405356317919585
1,0.245059928843454,0.478929309471978,-0.0392901426748713,-0.10700387123073,0.124734843327188
1,-0.170457722834576,0.58108465110927,-1.43018226457225,0.220007009713893,0.191138018403579
1,-0.835757884958574,-1.62417060265208,-1.41048389813641,-0.0483418787643037,-0.630500204638471
1,0.479520784971358,-0.383342750783126,1.72434565763071,0.383003629231763,0.265365043559916
1,-1.86836826220001,0.320120774125416,-1.11439072220386,0.393254923497382,-0.704481367414664
1,-0.174123114854631,0.40132804318907,1.89170962790791,-1.02549951184381,0.0477285172235651
1,-1.44066992613012,-2.59313567502273,0.337001655659968,-0.415210258542322,-1.58712035118992
1,-0.0708783539411673,-0.441957768266976,-0.044161998617047,-1.76697989756944,-0.306003243630875
1,-1.36812832005563,-0.421712250960573,0.103942214899943,0.57945525360029,-0.250842622898016
1,-1.46252154734314,0.346220865006277,-1.08923497050571,0.174752237017262,-1.68286834811025
1,-0.0211844327201032,0.825038379893371,-2.12339077571101,-0.431544462473793,-1.70570992490285
1,1.28754481539787,-0.0895306878210452,0.652747521330681,0.0644210682897905,0.550669031310472
1,-2.7914194589208,-1.90721566237032,0.225622429624979,2.5832070693652,0.659155983308479
1,-1.31121697364624,1.53046152350249,-0.438447449760097,-1.52631172630287,1.80399073184442
1,1.47537358279867,1.53243523684254,-0.173494210513816,0.764694233094728,-0.00395714240117567
1,0.414026801449505,-0.43620325869317,1.17089027729872,-0.234036210133357,-1.58961044859873
1,0.495086090226848,0.471342881064946,0.89322623363811,-0.374796042470405,0.489349945346986
1,2.11987593332311,0.109859457364363,-0.452032793380258,0.426977090859425,0.665727233657344
1,-0.496480634268273,-0.0982356815997888,-1.94016428847695,-1.03577034011201,0.565284828434571
1,0.456841601025074,1.65964938221987,0.185571968413411,-0.0921223911718439,-0.751172882728766
1,-0.36348129242219,-1.76266302527583,-0.880720989990552,0.895474571907361,1.52473147320763
1,0.954579552529006,-0.174908692589434,0.960587589956675,0.715834930460643,-0.452740626468728
1,0.400022657633904,-0.877430139477546,-0.29569067737678,-0.267093323015699,-1.09036590424271
1,-0.516798865994045,-0.0715374236978393,-0.221716111442049,-0.253216059760216,0.187992656001721
1,1.05432167862804,-0.0749111958220135,-1.64343860164812,-0.220026010424946,1.50551183861282
1,-0.901354135250992,-0.893900500855609,2.29504192790073,0.428980820950339,-1.45604976029141
1,0.34869055456676,0.15025741959662,-0.565842942612166,-2.24343251132709,0.478273914994899
1,-0.0282854296272762,-0.582088197336338,0.716810674977784,-1.63840321385378,-0.705212968199476
1,0.324947560765531,0.846065861168919,-0.63371060638791,2.43219232334439,0.722062614476299
1,0.303905538771704,1.04419673724231,-1.04180925371665,0.905887286849762,-1.18031038361403
1,0.499164645418029,-0.355077161560621,-0.1652911414127,0.514144327299029,1.27286715901854
1,0.0155241940532483,1.08505404456003,1.38035669843394,-0.185377237449893,-0.0910033775778609
1,-1.59457005265684,0.220741129637067,-0.0856106862808882,-0.326454566858797,-1.04998656490074
1,0.789132671223883,-0.471049592538088,1.14040860284099,1.31961479308511,0.0132263260192725
1,-2.313025142921,-0.846948517847569,0.35144967464652,-0.605632571596324,0.271756921126203
1,1.12065885529329,1.00001564877391,0.123898992772322,0.84778665570507,-0.342152425025848
1,-1.08161185191907,-0.962785164180915,-2.01886549624809,1.15570147370211,-0.537449512196755
1,1.3422381632802,0.909465940130461,-0.224376111839369,0.568046560688231,-0.453512882144725
1,0.55230009387028,0.622913219925138,-0.250264333158902,-0.204150407274184,0.743326435161024
1,-0.975334606803011,-1.45511231289278,-0.435803133548834,-0.00289237346917511,0.854477071137952
1,1.38357521332802,-0.381577547821498,0.359226219423692,0.0467986731629101,0.0205778774316627
1,-0.656594063510396,-0.0817273883393824,0.622394976078512,-0.653759554948104,0.0129020885716284
1,-0.213392840175906,0.000116361910699476,-0.756125273364215,-1.71684289315771,-1.40076930784309
1,-0.494868485750458,0.348747638870101,-0.288026318363211,-0.953041495432179,0.484946180052519
1,-0.219407870872897,-0.622171621489004,-0.541341041217935,1.18179120136325,0.570868652317917
1,-2.05603281266927,0.135237569735975,-2.27836850221142,-2.10257849702973,0.839165629230811
1,1.49120119424972,-0.21090487272224,0.057290779353222,2.98988254858378,-0.191958738163313
1,-0.233881090673979,1.04611137780504,-1.11248084807256,0.457819714232772,-0.37862108935253
1,0.899275511123346,0.129081993779264,-0.655067837335393,-0.607737805039124,-1.78642239625934
1,-0.999686047942321,0.0563310328970898,1.85166270225532,-0.0107732857007269,-0.656079723552244
1,-0.0735162994102811,0.231839322791312,-0.0632702627398286,-0.0747867898322746,-0.0471097706972731
1,1.28753025007407,-1.40160132323862,1.30274812351193,-0.751273609733354,-0.561901141696141
1,1.87861388825022,-0.738866447154288,1.81718144736089,-0.585392269623322,0.164825401373785
1,-0.103247936223249,0.648778522801089,-0.866149100252239,0.576239975495051,-0.364062346469741
1,-0.0596903335861115,0.493763033225513,0.538011471778121,-0.150573146443098,0.347755486728048
1,1.091887684373,-0.218528554145062,-0.524007408796542,0.0320225997378741,-0.473870573977108
1,-0.266102362817811,0.810476756600281,-1.89720522276873,-0.277103786112137,-1.61893362955957
1,-0.208032111260084,1.26860267812585,-1.41874985286993,-0.409418033825408,-1.32579152919005
1,1.4347597520164,0.162289895619102,-1.03595832449957,-0.552446228629696,-1.42685413108375
1,-0.00493792413158573,2.72479303882307,1.30367985676626,0.173420501777315,-1.31553137821505
1,-0.81378973328095,2.21211423512334,-0.0809632123700645,-0.427135574445024,0.33556846263275
1,1.65111163521551,-0.453963599206171,-0.198998865041261,-0.0352269298118697,1.15983691254582
1,0.00379808702157272,0.940801764017329,1.79187195713577,-0.855685746590096,-0.766036254008065
1,-0.279494672814446,-1.22656758180224,-0.254434937030857,-0.439101899136619,0.0429814165890847
1,1.07452795861271,-0.350713538418056,0.916451971390876,0.720322171557233,-1.72408846118777
1,-0.87008841615772,-0.345556158229191,0.290533789348541,-1.66156157263316,0.0719855766708456
1,0.814666667781921,-0.029051062514343,0.092900916574797,-0.272533286187549,-0.794116978973782
1,-0.847411883117922,-0.731583602768469,1.29876600087163,-0.275218269343581,0.94573158524545
1,-1.52759619958023,1.38971655977237,1.36287558332523,0.647354907348453,1.29858329675126
1,1.27476839041425,-1.09199810184124,0.367688432198757,0.479200096023699,-0.677945348824266
1,-0.0291211097120836,1.12295725009438,-0.881557711485027,1.89222504055662,0.278771901373773
1,-0.280269290790018,-0.618531796795734,-0.880504489112652,-0.37939545473465,-0.508356943606286
1,1.5669942111292,0.400867743328188,1.70693253160269,-1.42144230080708,-1.01304043875382
1,-0.408300871328552,0.0477227142872921,1.92507741624527,0.120293808294827,1.21226969777684
1,1.03801921617583,1.46918376603525,1.03178226405543,-0.337565000969105,-2.23035852109478
1,-0.119475330740394,-1.22188334457797,0.848379776472026,-0.764801827685028,0.283898817017969
1,-0.387742107959902,-2.170577492456,0.125742224790168,0.451247649548851,2.30501750049171
1,0.424485125409024,-0.859253592181457,1.21322763929096,-0.389971005280262,-1.10058670339281
1,1.31110329418224,0.257872272818552,-0.762806696868613,1.34039749687895,-1.39687277364102
1,1.9450345468283,0.750544768725343,0.123077448378984,1.96177969752162,0.916264115801121
1,0.414274290867833,-0.78230835060787,1.66849538397212,-1.27407632247783,-0.543663459781289
1,-0.627081303362424,0.181034735247441,1.01221632369783,0.984977376914849,-0.451694961833022
1,1.66148054605789,-0.577169797195445,-0.354358334574566,1.0104432904835,0.883905895798424
1,1.55325517499231,2.17239814826673,0.123549229352418,0.297879295035244,1.4722221481579
1,0.0921601284949093,-1.41392722907703,1.55282753970712,-0.913854319693991,-1.52230700148573
1,0.56445908341721,-1.20189458325823,-0.253343079977092,0.941615212431512,0.766906095004372
1,1.43250893987869,0.48260632002335,-1.35049863396713,-0.862154242477937,-0.810760304020628
1,1.27265489531897,-0.120020663957101,-1.40914066446532,0.530873319998547,1.00603351246912
1,0.490891823736839,-0.726588682425896,0.887255027359022,-0.292708415489068,0.754064800598608
1,-0.50425315847848,0.977252509775238,-0.471712105866621,1.92910943570344,0.617263678231982
1,0.346304798146404,0.374220274421695,0.725756747443916,0.395207921382335,0.0407081299477865
1,-0.977362115191249,-0.937586592221676,-0.9898924855115,0.161150514406294,-0.247911126895441
1,-0.522867768184696,-0.210358911058377,-0.460632553803492,-0.433308625256548,0.730906153823593
1,-0.621440253600018,0.833511549770406,-1.15673648810033,2.07890801822652,1.09582765975389
1,-0.168014642014528,-0.262716098453978,0.827649535605112,0.724371332573415,-0.477640812091791
1,-0.443871806883208,-1.55422316431606,-0.365533451247144,-0.672516749849911,-0.593673490399073
1,0.837612252349198,-0.871039623339849,-0.256138829028222,-0.156722654371034,0.993907011091067
1,-0.229953042693657,-0.852639757354093,0.0142980642433023,0.312283490108544,-0.156967886866538
1,0.0164850416190792,0.101254982586598,-0.295877000778602,1.15672871763521,1.27548459051113
1,-0.955705786810853,0.391985091785931,0.294384322714721,1.12927626431872,-0.676083592121609
1,-0.869864272301986,-0.106744012367578,0.835955478629853,0.872596843549688,0.943103213204722
1,0.500615908354885,-0.935173044398081,0.351175200358693,-0.186757938435553,0.127538382406495
1,-0.83224937022863,-0.775149721394039,-1.69868074346193,1.04148457335284,-1.63534161297242
1,-0.065319778802532,0.248989584611929,-0.331915525858296,0.17411148493305,1.16419745574435
1,0.280897355414042,-1.06916854587944,-0.210253283429833,0.225044733332655,-0.162188676825318
1,0.373249120461141,0.457698729871478,-0.547490868572126,0.315616526341656,-0.60256256550637
1,-0.251453943612047,-0.321239975142051,2.8984790891638,0.982760151928785,1.17478073078738
1,-0.633767734730403,1.52296171242548,0.869854701121663,0.0385053742855765,1.17400048212193
1,1.24901886541316,-0.558086738294871,-0.540270336419449,-1.9285081702446,-0.379562041258127
1,0.546672254290862,0.470306413857968,-0.608729787710304,-0.127808029278152,-0.775531900296441
1,-0.699334721895402,-1.56673233446093,0.0674428258678218,-1.00399452793004,0.509604367798415
1,1.21827636704678,-0.74177513769797,0.36214376716398,0.336247594403885,-1.49413949503488
1,0.142563675944138,1.3445126627955,-0.402223478572378,-0.181145990354233,0.673054523841366
1,-0.129000137779446,0.295819281754477,0.418784096152509,0.120399448692859,-2.19118412136071
1,-0.84595873943217,-1.19484461379762,-0.885882882612334,-0.164864853877137,0.710402251958544
1,-1.0905123422475,-0.414553330239408,-0.24622216931555,-0.59163910036982,-0.717155076731248
1,-0.88828460183653,1.49918053313768,1.07449107455433,2.81951927601163,0.46810837726976
1,0.463878654796991,1.12548826963804,0.311585916491541,1.28347677510883,2.1804539516201
1,0.677343928295029,-0.85045327046177,1.57849537965644,-0.289464390209693,-0.441873637759611
1,-0.136981337465591,1.35247166470224,-1.22630281577537,-0.302840677881904,-0.147359379578718
1,-3.25735217394758,0.433521065757505,-1.01282337413437,-1.07688114112493,0.945445196746104
1,-1.10972665628419,-0.267376916389885,-0.516339193116055,1.55534146885931,1.14181995423635
1,1.43322985153559,-0.763787805867602,-0.155496295663962,-1.53956727611389,-2.25824138689762
1,1.08774117064467,-0.747481056188105,1.13857638782757,-0.273245088162391,-0.579703789172798
1,-0.165694944118312,-0.89773274917076,-0.940448834799624,-0.499492569589869,-1.0832518290763
1,-1.68666294887262,0.0698764778056962,1.02862712045552,0.378477683094611,-0.558864269769248
1,-0.153104096682617,-1.07215286734979,-0.959461004156379,1.70123787750568,1.03887595576132
1,-0.157293812940272,0.633495185826022,1.21871362516721,0.808542613527906,0.0533207997154692
1,-1.8774213352749,0.514555574998959,0.0528079368095622,-1.13002873448128,-0.224482248539355
1,0.480076351648602,0.273625163368955,-0.939170609321049,-0.799866537991611,-0.944088182355547
1,0.271988441115244,0.797440917074643,-1.85849242130863,0.0373268786209707,0.356753856153994
1,0.455974042076572,-1.81587024752332,-0.774706806726185,0.000235281657515862,-0.67076847287886
1,1.46155231688056,1.27254890615334,-1.55034182639465,0.153573273817482,-0.720217239970303
1,2.21317870027269,-0.00642584388672704,-2.49920513335064,-0.263821742275376,-1.01474898728264
1,-1.08313085869919,-0.0986771048665416,0.319688147880521,-0.473939150777449,-0.193339505007126
1,-1.04096802808058,-0.546429331551455,-0.310975019313368,0.197505212691968,1.0895682813954
1,-0.462286003084705,0.302647452253056,0.360381275003732,-0.456512244548071,0.247820785205543
1,0.934221337489677,0.997173313637256,0.257502855962534,-0.476396240363112,-0.536774437789962
1,1.10607492100948,-1.46649287478715,-0.378666551918799,-0.637529760037806,0.444012140793016
1,-0.812047100676816,-0.633468921190392,-0.330721416611826,0.999523857585234,-0.60063844802329
1,0.64168647431157,1.71237977901264,-0.113158113523065,-0.97994079709462,-0.0949807977013063
1,0.267619264030548,-1.51842805644974,-0.158837823576586,-1.25814081851133,-0.382535022653547
1,-0.949461255282079,0.180111408794453,-0.308788047074455,-0.32121763690637,-1.02633523383747
1,0.644854223775661,-0.768810976943321,-0.366787330990341,0.808464618400929,0.750040489471517
1,-1.3627423074834,0.192105241322025,-1.1513071530946,0.907198741836718,-0.787078229817841
1,-0.704521796663173,-1.56582249926765,0.444158589389387,-1.41694518435163,-0.216837090827035
1,-1.48405872386008,-0.272632709819747,0.152919928644721,0.0312008000716542,-1.20482729303091
1,0.101056699910381,-0.328889693411234,0.363893412964571,-2.80309743924572,1.41201813451051
1,-0.220519690497909,-0.338958187845464,-2.51393619855188,1.83489057456612,-0.896071026666
1,0.154702371826042,2.35829528760463,0.303077181278619,0.62810489414075,0.925661910254584
1,-2.44115702167001,-0.670776529655952,0.56237501508444,-1.17331764182402,-0.502341225476877
1,-0.265410504598014,-0.75444326670453,0.0785231627861776,0.164001089748941,1.5063187497847
1,-1.56145133183317,0.253649697371366,1.17708015975906,0.152102642005583,0.528471466337743
1,-0.488404625677638,-0.415179024188305,0.131589709308618,-0.00877212019965769,-2.02417763754369
1,-1.12059347922707,2.65574270813032,-0.385542727503265,-0.561460403649785,0.574131929683679
1,0.147334499270705,-0.504692193624192,1.15951884610337,-0.200053046499103,-0.180834757281791
1,0.658095591273481,2.65303032315796,0.778278985681407,0.566714842520682,0.187516046637467
1,1.4765248839431,-0.386463004991336,-0.544687202636806,0.885500038240337,0.759169107527101
1,-0.0142400570716586,-0.124486381880645,0.155097326698877,-0.13367873416359,0.936707538474148
1,-0.565515722954255,0.152318899699461,-0.462078159027677,0.678845933641953,-0.779053730756719
1,-1.22654754504745,0.331438138865997,0.535033719155804,-0.105258976008715,0.863660045403906
1,-0.529684980373226,-0.418180637505804,0.114479379775421,-0.322780929141295,0.274459407729475
1,-0.0890272271649123,0.102808516212347,-0.521537681522331,0.133265149517407,0.115639754578859
1,0.215686828431754,-0.989585150178967,-0.256058529300803,1.55635310078141,0.576014277226215
1,-0.627935569334412,-0.495025951665621,-0.954331431429674,0.656929800672188,0.373872070416284
1,0.188545814135482,-0.986026823600223,1.25535451251268,0.309167631399731,-2.51393934621943
1,-0.119633928861159,0.0649445925962855,0.523473067012624,-0.381368500561941,1.04730425951965
1,-0.276114870570189,-0.044807046233833,1.99318422822188,0.225561055334766,-0.843312962067156
1,1.52649245944173,1.07369932100134,-0.420365703025061,-0.610420923473141,-0.481659118901657
1,0.351483784333844,0.639967696110732,0.592207233773207,-1.36308581636879,-0.916309285101397
1,-1.54496136508805,0.110905520631747,-0.0974723874554085,0.544060831097946,0.0759565393815584
1,0.902376550330005,-0.375656454011086,-0.136471990259249,2.49335882844694,-0.935018909498346
1,-0.966713134145043,-0.924897590430511,-1.52979182770292,-0.207178567406259,-0.905438076986257
1,-0.469409649092792,0.662763274742118,-0.425219107510495,-0.879129412712842,-0.296046405842608
1,-0.62539888138729,-0.480971868415371,1.23918177417482,-1.67296995929995,1.1666621347381
1,-1.44613656457954,-2.53539974627209,-2.13390894806589,0.520502392453425,0.548988556445322
1,-0.530065151517932,-0.714677283006441,2.35522467324752,0.880288536270316,0.483695397575244
1,-0.383851046213762,0.057740820923913,-0.0685283474311194,1.07378630116551,0.206063157919037
1,-0.0872198738603416,-1.08346288079234,-0.143097691770457,0.846260048048944,1.62601519036945
1,-0.601674549764253,-1.29416906036815,0.889418788954317,-0.440943984419552,-1.33552841090186
1,-1.07046188897314,0.84290251606581,0.125249356782166,1.02706918868767,0.322289635554812
1,0.202274279226602,-0.152023787853745,-1.74812062669153,-0.153421254297646,0.944933818754519
1,0.542897958211937,-1.56964117643812,-1.05521250721746,0.431080775187073,-0.872777521213301
1,0.700943971943718,-1.04531842075322,0.234790247302287,0.393805891364351,-0.158625325899245
1,-3.12980379717286,-1.48427546006284,0.772021366338743,0.364710962252142,0.272935428355814
1,-1.19427388969161,-0.696937122894709,0.0680033544445338,1.21569490664319,-0.585447125086874
1,0.400509379259665,-0.155855328529928,-1.78217165634025,0.175325395004343,0.0629833787889063
1,-1.58106064013767,-0.917158573958284,-0.842984299767538,-0.0779129720442336,0.925323108934906
1,-0.975708836166524,1.88408582430581,0.474632358214927,0.298360781221695,1.64176034927352
1,-0.0806402508043357,-0.0683212399603184,-0.921520223551304,-1.4025827530084,-0.543699884380213
1,-0.872302571873778,1.67433168424304,1.54673839795742,0.98212961597088,0.135584971261673
1,0.45784405784804,0.846190342401486,0.85467515816313,-0.988719213064868,-1.84851779295534
1,-1.46812954730951,-1.21354870061808,0.577629871492568,1.35125285679601,0.0929710198432728
1,-0.610323190886037,-1.32922194756746,1.77784592032327,0.171287599639805,-0.0186016115570267
1,-0.899377369821367,0.114190703899482,-0.375286833477656,0.713787193589931,-0.462487741516285
1,-0.162023404000059,-0.457267703077733,0.569372792621027,-0.862816239780224,-0.875891883679091
1,-1.03077662725253,0.433961810552867,0.249808972797156,-1.71883904739324,-0.445364638979514
1,-0.911345657172703,-0.676541883551642,1.08440237449988,-0.140158718379114,-0.18810585782652
1,1.24181227755519,0.920855585188721,-0.648595880267775,-0.850783746479597,-1.46209021855375
1,-1.32970020201818,-1.40630149896102,-0.0621911211929128,0.805878282043654,-1.83733274318748
1,0.700132208576431,-0.444470594663667,1.06582477975614,-0.537187909042067,0.0420342219222072
1,-0.230884596388865,0.362739792805082,-0.196643407977252,-0.441104361727834,2.11268356600124
1,1.11663395531096,-0.675340673228943,-2.90743924631191,-0.871913128265596,-0.877306332670125
1,-0.122766922687353,-0.19751910777026,-0.116848782800406,0.287431345707083,1.813129410781
1,-0.880983538486038,-0.226498616321857,-1.53232506550815,-0.284135618132958,-0.626339485684565
1,1.38229840525091,-1.4777537436155,0.344891832408889,-0.122112188690185,0.691062178994449
1,1.4870941218966,0.699634502946168,1.47921810681086,-0.159532318610457,0.0412430843750166
1,-1.35562200507039,-1.24017490711694,-0.779537673771133,1.25227856714359,-1.30588928630721
1,0.112211547478151,-0.757568655895377,0.672323399779493,-0.608776015925918,1.65777596538721
1,-0.709221937781947,-0.828628462079668,-0.736299364135209,0.624730873825849,1.62702876538251
1,1.38020626271603,-0.115116491552772,-1.47932323593918,-1.0985997983472,0.466637770272618
1,-0.712399520248873,-0.713795051577523,1.15640144477157,0.0811783238879752,0.633540495304949
1,0.266983225604068,0.0845221138848097,-1.15640333002556,-0.187470430791692,0.713195953869624
1,1.86243462684296,0.841848010999552,4.56620134498247,0.119533033685865,-1.74054507171192
1,0.379094118731563,-1.19939376479354,-1.59092276837894,-0.578897761936943,-0.0212513888421715
1,0.981256180706115,-0.844193338731536,0.75010851767879,1.1262129545812,2.57722542596073
1,0.409842523097596,0.206428659338098,1.41377840200041,0.161910645777494,-1.43019892640112
1,-0.404614721975885,-0.989039857059983,-1.85838773972583,1.78020608337691,0.717809587326802
1,-1.96470247302068,1.52571705648275,0.751182775859346,0.041199032082296,0.196240736332887
1,-1.34808499473318,-1.46624264185103,-0.211453964862266,0.607081768748936,-0.698459518783256
1,1.04488727897736,-1.22869616381036,0.0057232681264863,-1.27053661565304,-0.808653368390651
1,0.707992516547562,-0.882256174708794,2.29358103971023,0.285264029464449,0.523216513179914
1,-0.907908121439644,0.309297717985616,-0.306649649075018,-1.53377936744161,0.449882603193634
1,2.46487434352971,-0.815464756094851,2.30876746571634,-0.718472505826722,-1.28110193128579
1,0.0275883232196108,1.13861991161736,-1.69992582213522,-0.588272970071418,-0.471837401778203
1,-0.484013596099517,1.05788557763244,1.26063015753752,-0.350788802826208,0.188061344824638
1,-0.0746603315599904,0.436917686349821,-1.16421678754932,1.23067567823102,0.910369057750297
1,-0.226965118605364,-0.671179931258725,-0.149474493113814,-1.7846128944585,-1.56640633865925
1,-0.601192951735193,-0.342212681920748,-0.39674594681546,-0.526493977212087,-0.406954521231367
1,0.464361708001283,-0.582236417153276,-1.74358366418225,-0.483520289382846,0.505615014869407
1,0.0862493218772821,0.641310842902824,-0.0278421800477992,-0.346862903368516,0.757110314179857
1,-0.672276268780344,0.0205982302950278,0.761692337331234,-1.54610985852843,0.00515538882022124
1,1.07116732265471,1.8563298977494,0.122456758517397,-1.80473682856398,1.18013262025023
1,0.0934651452892688,-0.0030224707756522,-0.805850038266431,-0.666200573912445,0.397113610743909
1,-0.424092784722423,-0.521773606474391,1.46990456199305,1.95162957280623,-0.454454712642267
1,-1.44655132790702,-1.17144030355319,1.63884808476369,0.836291513040586,-0.117068168504087
1,-0.00258352059539586,0.310872332846698,-0.318900882345951,-0.0961185086595033,0.12195979859121
1,-1.01131147452177,-0.393298450138709,1.65398125254688,-0.508615369718668,0.951608663815711
1,1.93184919799215,0.649167114551816,-0.366262994152165,-0.826221531720808,1.29665018987397
1,-0.0150473725187859,1.57709443359637,-0.501771481402063,-0.774926166551881,0.231668278791139
1,1.46640325411916,-2.06024691703809,0.0212909294721227,-2.17015399505972,0.660443684160905
1,-0.645435313803277,-2.22246080728441,0.250280863222687,0.769575843136855,-0.431759773361927
1,-0.137077482903867,-0.423041826475495,0.541444494499292,1.69592898292594,-0.0995350098436021
1,0.0508553382551638,-0.168047651024142,-0.301618102896237,1.90538691243181,-0.425653163033877
1,2.01568038175158,-0.188501795031545,-2.16027843327006,0.433869892711422,0.671323251626789
1,-0.995374755285756,-0.151088835547107,-0.916877287237929,-2.03356400407167,-0.548920298895251
1,-0.465865655217773,-0.304613222619455,0.721443045075049,1.05353485925597,-1.27549035759356
1,-1.33316123270169,-0.874358866181693,1.22639634189948,0.770529841865609,-0.0615015951355022
1,1.42296715892859,-0.750015089886343,1.57749448047246,0.274083046119136,-0.0368903732570306
1,1.47154667468172,-0.767856011966197,-0.438990255221863,-1.06829573649872,0.926735301100024
1,-0.456957966438242,-0.845772171651771,-0.412218706286974,-0.0721545142285343,-0.931905273563324
1,0.631485217280839,0.14789427526027,-1.02294456706767,-0.0316660530007923,-0.874823165230623
1,0.0322895018940283,-1.15352018882332,1.49245659641856,-0.110784144390567,0.50810091800541
1,0.326696025745146,-0.522015298539938,-0.522280461177454,-0.514780835945864,-0.31760535848869
1,1.21465335207934,0.676315988064487,1.33368247563346,0.825814062553158,0.123695752863986
1,0.976125855929086,-0.745939104769673,0.0736320595800916,1.65595621638305,1.24406592373181
1,-1.47647194606153,0.0344493381742774,2.04198052397671,1.10619466527747,-1.53542152659839
1,0.531002387959,-0.0501236137262088,-0.357230664060105,0.128127085945007,-0.61162314475732
1,0.56509074200759,0.385344237418661,0.11776992679855,-0.336953398053137,-1.79247111865209
1,-0.295501998184864,0.72327739599277,-0.056769316341431,-0.118635792605499,-1.91946622830792
1,-0.933809177961427,-0.828600799766968,0.0794735744180354,-0.870040459700722,1.01251266848522
1,-0.846355760739143,0.623611638736472,0.204318018447599,0.737603003917934,0.498728512677695
1,0.272637869454558,0.149181640444436,-0.585174467313322,0.33725405926633,-0.252771740654779
1,-0.56087834462977,-0.209516431832477,0.901585612174252,-0.00650714781958696,-0.137505490983916
1,-0.232036865100856,0.71704124499775,0.7839467130178,1.33891394414824,0.762641824311842
1,-0.332017555853123,-0.310381809135333,-0.69861755727161,1.58274554952688,1.19963787876799
1,0.673492420517348,0.238451650596402,0.0808185298043447,-0.943627810319214,-0.329526536507493
1,1.96293732468495,1.44756427319085,0.06147679539662,1.57217877238402,-0.686683793241494
1,1.2706430716689,-0.248935242549291,-0.285837180168657,0.0625860531076582,0.377516886263755
1,-0.0865556012817694,-0.0986387916093638,-0.579203239690441,0.513011596166744,-1.5677083500907
1,0.756436674284385,-0.399041649681529,0.366452279243035,-0.106438048085082,0.635727115798693
1,0.341648892011457,-1.21565288667715,-1.58292805737115,1.39949012724495,1.16037788623484
1,-0.79867577817662,-1.41231350996885,1.448699666998,1.14875084749174,-0.516362990978362
1,0.624958334749689,-1.86084639562702,0.203425317452221,0.188643179365359,-1.9478847828552
1,0.599831268753856,1.48852450373193,-1.81261433124233,0.4061908316321,1.32718905813201
1,-0.406553332204713,1.18787875059276,0.810188030514397,-1.30208797322392,-0.472592315170307
1,-0.00906349096355969,-0.829207861784155,-0.427200557197756,-0.672339224415122,-1.06365917555665
1,-1.18607911288365,1.89117122854758,-1.55421247763057,1.66686877151275,1.07268771278333
1,0.0264428992495531,1.52551861594449,0.199228109660317,1.32368062280367,-0.402266642684346
1,0.139274994062986,1.12487584032077,-0.198023275753248,-0.648648304273477,-0.515357934661334
1,-0.807086807951468,-0.613155959432694,-2.09491080598966,0.995879854668585,0.0349604146579801
1,-1.33530650140555,0.593779145349459,-0.531349467074722,0.549141419522783,0.41852374719107
1,-0.805889470602888,-1.0017673672126,0.042884555748873,-0.168594392774791,-0.592030866023478
1,-0.0396247627980936,1.46824436379508,-0.476736185084602,1.10342176225823,0.465893684895461
1,-1.11252902891299,1.1283008304761,1.20466503181586,-1.67980743900424,0.456543444722573
1,-1.35822522607093,1.33834249938226,-0.0274819994981595,-0.3007826352888,0.478914476787778
1,-1.72698015992722,0.379922758122808,-0.254808721087877,1.10005784305512,0.530606107608684
1,-0.304156336862572,-0.678703101369686,0.379569271236556,0.116681202901849,-0.0151868739929122
1,0.149480908012962,0.235546603070394,0.806510016603847,1.06104131880137,0.372067790581796
1,-0.403228467453543,-0.738459469744507,0.165348128178494,-0.38553998153103,-0.791985321931293
1,0.391847014385288,-0.288181839272861,-0.438362595571519,1.69246380867984,-0.466213497904597
1,2.78635917275089,-0.651266389120973,-0.529155068685485,0.175448052623409,-1.42519288993856
1,-0.540186476765308,-1.49621493070815,-1.34939802883079,1.40731649716813,-0.216061590855384
1,3.16021434082969,0.375599701605759,-0.549369222403061,-1.11269175273222,-0.246618407458754
1,0.214470561761749,1.22854026002031,-1.20530726953502,1.29049481809369,-0.207172739464982
1,-0.675982266804502,-0.584276246819025,0.687773162895588,-0.571544212726657,0.307642125088754
1,0.282354173205243,0.146927856767217,-1.41253474152943,1.68361886973602,-0.269633616940747
1,0.85062299102973,0.749410018314313,0.781533573848018,1.26753671110274,-1.92376686089896
1,1.23795495813921,-0.0964105108059194,1.04054579244173,-2.16114151982897,0.339216422720727
1,0.228193967567478,-1.14909519143375,0.590613294767755,1.22356270359519,0.548225791203857
1,0.225219442518475,0.108997773200574,-1.84932260576338,-0.185899062312315,0.844272152810026
1,-1.28237900430503,1.95900290597684,-0.219326582541576,-0.111805114581218,1.93397946531575
1,1.27574085615666,-0.213200442798312,0.197894895516966,-0.421945144278061,0.917624569396815
1,1.52410295937925,-0.34235779737808,1.48642560775819,0.554555413189419,-1.18135392322188
1,0.268020329734277,-0.0356184563958159,0.737344390731202,0.0233344976207414,0.362756843507878
1,0.13592825590003,0.0484274992526785,-0.474499782131008,-0.52980233976246,0.523700653704103
1,-0.975316472258111,-0.314335548467626,1.69311788156603,0.20381627440592,-0.334245979313813
1,-0.565622935962301,-0.0442579167611548,-0.867919689659181,-0.462097157522867,0.00926830820784779
1,-0.530803796053107,-0.91121607575817,0.416583743122061,0.204539592016966,-2.59825353538692
1,-1.39324686505354,0.402177732976311,-0.120447689328982,-1.63791896451873,-0.163065266775958
1,-0.468278320931678,0.0969417990478088,0.129739882446489,1.95785992850913,-0.135562321726375
1,-1.90233106895326,0.13737182027894,0.991200174744534,-1.41470826579914,1.21895008811075
1,-0.242633917970028,1.05648724632933,1.15847915333,-0.0519853666069531,-0.179933345990434
1,-2.11346475332337,0.0633066244461839,-1.7348999438661,0.499704409406347,0.353581835598772
1,0.145448666030478,-0.751454727177418,-0.844354538076094,1.3226357105755,-0.0436483501413774
1,-1.63989241099903,-1.20790013789311,0.440248431210776,-0.1797991346398,-0.894180896638607
1,-1.96411163426242,-1.76116761170046,1.42155893971258,-0.22916431050941,-0.98665747682447
